"Name","trainable_parameters","Hostname","State","model_type","val/epoch/auc","val/epoch/best_val_auc","val/epoch/ap","val/epoch/best_val_ap","epochs","cross_eval_type","Created","lr_scheduler_type","learning_rate","weight_decay","batch_size","normalize_keypoints_in_box","include_recordings_train","include_recordings_val","Commit","Runtime","GitHub","End Time","ID","Notes","Updated","Tags","comment","experiment_name","force_model_type","grad_clip","lr_decay","standardize_data","train/epoch/accuracy","train/epoch/ap","train/epoch/auc","train/epoch/best_train_ap","train/epoch/best_train_auc","train/epoch/best_train_f1","train/epoch/best_train_f1_at_095","train/epoch/best_train_f1_with_adaptative_threshold","train/epoch/best_train_precision","train/epoch/f1","train/epoch/f1_at_095","train/epoch/f1_used_adaptative_threshold","train/epoch/f1_with_adaptative_threshold","train/epoch/loss","train/epoch/lr","train/epoch/precision","train/epoch/recall","train/epoch/step","train/iter/batchloss","train/iter/step","val/epoch/accuracy","val/epoch/best_val_f1","val/epoch/best_val_f1_at_095","val/epoch/best_val_f1_with_adaptative_threshold","val/epoch/best_val_precision","val/epoch/best_val_recall","val/epoch/f1","val/epoch/f1_at_095","val/epoch/f1_used_adaptative_threshold","val/epoch/f1_with_adaptative_threshold","val/epoch/loss","val/epoch/precision","val/epoch/recall","val/epoch/step","val/iter/batchloss","val/iter/step","class_weight","hostname"
"stg_nf_interaction_2026_04_29_14_02_10","74810","grouille-1.nancy.grid5000.fr","finished","STG_NF","0.7575758008907999","0.7818440928764602","0.08153138601582866","0.0991656460473847","150","ssup_train_vs_ssup_test","2026-04-29T12:02:10.000Z","none","0.001","0.005","128","false","[""2022_09_21_astor_place_landfill"",""2022_09_21_astor_place_recycle"",""2022_09_26_astor_place_landfill"",""2022_09_26_astor_place_recycle"",""2022_09_28_astor_place_landfill"",""2022_09_28_astor_place_recycle"",""2022_10_06_astor_place_landfill"",""2022_10_06_astor_place_recycle"",""2022_10_12_astor_place_landfill_0"",""2022_10_12_astor_place_landfill_1"",""2022_10_12_astor_place_recycle_0"",""2022_10_12_astor_place_recycle_1""]","[""2023_07_06_albee_square_landfill_0"",""2023_07_06_albee_square_landfill_1"",""2023_07_06_albee_square_recycle_0"",""2023_07_06_albee_square_recycle_1"",""2023_07_07_albee_square_landfill_0"",""2023_07_07_albee_square_landfill_1"",""2023_07_07_albee_square_recycle_0"",""2023_07_07_albee_square_recycle_1"",""2023_07_11_albee_square_landfill_0"",""2023_07_11_albee_square_landfill_1"",""2023_07_11_albee_square_recycle_0"",""2023_07_11_albee_square_recycle_1"",""2023_07_12_albee_square_landfill_0"",""2023_07_12_albee_square_landfill_1"",""2023_07_12_albee_square_recycle_0"",""2023_07_12_albee_square_recycle_1"",""2023_07_14_albee_square_landfill"",""2023_07_14_albee_square_recycle""]","a3b359426e5e1be57bdcaffeeea3ac16d2a37f0a","1400","https://github.com/hucebot/HUI360-Baselines/tree/a3b359426e5e1be57bdcaffeeea3ac16d2a37f0a","2026-04-29T12:25:30.000Z","hrkc6lpl","-","2026-04-29T12:25:30.000Z","rerun","NoComment","in_ssup_stg_nf","stg_nf","100","0.99","none","0.9504755657592652","0.3881366956161658","0.8961608934105999","0.4188815400405771","0.9096974552953088","0.3739130434782609","0.39351851851851855","0.49572649572649574","0.2671009771986971","0.3463203463203463","0.3665893271461717","8.460212707519531","0.46441947565543074","2.4594493142018714","0.001","0.24464831804281345","0.5925925925925926","149","4.179216384887695","1829318","0.8449230769230769","0.18157894736842103","0.182328190743338","0.19264448336252188","0.11274509803921567","0.6013513513513513","0.15056179775280898","0.15144230769230768","1.4795050621032717","0.15443037974683543","0.5738946699943298","0.09029649595687332","0.4527027027027027","149","8.590913772583008","1462489","balanced","raphael-Precision-3591"
"stg_nf_interaction_2026_04_29_11_08_02","74810","abacus22-3.rennes.grid5000.fr","finished","STG_NF","0.8053531146972063","0.8272601075828561","0.49247188689332927","0.5319294366182179","150","hui_train_vs_hui_test","2026-04-29T09:08:03.000Z","none","0.001","0.005","128","false","[""rosbag2_2025_07_10-10_29_13"",""rosbag2_2025_07_10-15_47_18"",""rosbag2_2025_07_07-10_24_20"",""rosbag2_2025_07_16-13_12_03"",""rosbag2_2025_07_16-14_07_49"",""rosbag2_2025_07_16-15_50_45"",""rosbag2_2025_07_23-11_01_56"",""rosbag2_2025_07_23-12_18_45"",""rosbag2_2025_07_23-13_17_40"",""rosbag2_2025_07_23-14_30_55"",""rosbag2_2025_07_29-10_23_14"",""rosbag2_2025_07_29-13_17_18"",""rosbag2_2025_07_29-14_09_46"",""rosbag2_2025_10_15-12_02_00"",""rosbag2_2025_10_15-13_11_27"",""rosbag2_2025_10_15-14_02_29"",""rosbag2_2025_10_15-14_30_03"",""rosbag2_2025_10_16-09_27_48"",""rosbag2_2025_10_16-12_47_57"",""rosbag2_2025_10_20-10_13_32"",""rosbag2_2025_10_20-11_51_02"",""rosbag2_2025_10_20-16_02_46"",""rosbag2_2025_07_11-10_28_07"",""rosbag2_2025_07_11-11_18_00"",""rosbag2_2025_07_18-10_37_07"",""rosbag2_2025_07_25-10_52_32"",""rosbag2_2025_07_25-14_14_16"",""rosbag2_2025_10_09-08_52_20"",""rosbag2_2025_07_11-13_27_26"",""rosbag2_2025_07_11-14_54_55"",""rosbag2_2025_07_17-11_28_34"",""rosbag2_2025_07_17-12_52_12"",""rosbag2_2025_07_24-10_41_01"",""rosbag2_2025_07_24-12_14_56"",""rosbag2_2025_07_24-13_33_54"",""rosbag2_2025_07_24-14_33_36"",""rosbag2_2025_07_07-10_49_31"",""rosbag2_2025_07_22-09_38_18"",""rosbag2_2025_07_22-10_59_25"",""rosbag2_2025_07_22-12_18_30"",""rosbag2_2025_07_22-13_30_39"",""rosbag2_2025_10_09-10_23_38"",""rosbag2_2025_10_15-09_37_49"",""rosbag2_2025_10_15-11_03_05""]","[""rosbag2_2025_07_07-11_16_10"",""rosbag2_2025_07_07-12_38_45"",""rosbag2_2025_07_07-15_33_32"",""rosbag2_2025_07_15-12_39_21"",""rosbag2_2025_07_15-13_41_01"",""rosbag2_2025_07_15-14_48_22"",""rosbag2_2025_07_21-10_22_11"",""rosbag2_2025_07_21-11_56_40"",""rosbag2_2025_07_21-13_09_22"",""rosbag2_2025_07_21-14_11_37"",""rosbag2_2025_07_21-15_15_07"",""rosbag2_2025_07_28-10_18_10"",""rosbag2_2025_07_28-11_25_33"",""rosbag2_2025_07_28-13_05_46"",""rosbag2_2025_07_28-14_19_07"",""rosbag2_2025_10_17-13_19_29"",""rosbag2_2025_10_17-14_28_15"",""rosbag2_2025_10_17-15_11_00"",""rosbag2_2025_10_17-16_47_09"",""rosbag2_2025_10_07-15_03_48"",""rosbag2_2025_10_07-16_21_39"",""rosbag2_2025_10_09-17_37_23"",""rosbag2_2025_10_09-18_50_21"",""rosbag2_2025_10_15-12_27_14"",""rosbag2_2025_10_16-11_29_56""]","ab844d45ffffc00da3e80d714603270de8978822","747","https://github.com/hucebot/HUI360-Baselines/tree/ab844d45ffffc00da3e80d714603270de8978822","2026-04-29T09:20:30.000Z","k2cvds2a","-","2026-04-29T09:20:30.000Z","rerun","NoComment","in_hui_stg_nf","stg_nf","100","0.99","none","0.8327452364149612","0.8250629930110758","0.9527396939778204","0.8711205819680564","0.9660248311574876","0.7056737588652482","0.7319778188539742","0.8796296296296297","0.5669515669515669","0.6291079812206573","0.6524590163934426","28.32767105102539","0.7981651376146789","13.632259607315063","0.001","0.47183098591549294","0.943661971830986","149","3.085160255432129","850191","0.7272727272727273","0.4792626728110599","0.4830917874396135","0.5441176470588235","0.348993288590604","1","0.4688995215311005","0.46632124352331605","4.862951755523682","0.48366013071895425","19.665459156036377","0.3475177304964539","0.7205882352941176","149","13.926469802856444","244177","balanced","raphael-Precision-3591"
"stg_nf_interaction_2026_04_29_16_04_13","74810","grouille-1.nancy.grid5000.fr","finished","STG_NF","0.5725604491735229","0.6094646052864796","0.042873945087634056","0.0505611670303052","150","hui_train_vs_ssup_test","2026-04-29T14:04:14.000Z","none","0.001","0.005","128","false","[""rosbag2_2025_07_10-10_29_13"",""rosbag2_2025_07_10-15_47_18"",""rosbag2_2025_07_07-10_24_20"",""rosbag2_2025_07_16-13_12_03"",""rosbag2_2025_07_16-14_07_49"",""rosbag2_2025_07_16-15_50_45"",""rosbag2_2025_07_23-11_01_56"",""rosbag2_2025_07_23-12_18_45"",""rosbag2_2025_07_23-13_17_40"",""rosbag2_2025_07_23-14_30_55"",""rosbag2_2025_07_29-10_23_14"",""rosbag2_2025_07_29-13_17_18"",""rosbag2_2025_07_29-14_09_46"",""rosbag2_2025_10_15-12_02_00"",""rosbag2_2025_10_15-13_11_27"",""rosbag2_2025_10_15-14_02_29"",""rosbag2_2025_10_15-14_30_03"",""rosbag2_2025_10_16-09_27_48"",""rosbag2_2025_10_16-12_47_57"",""rosbag2_2025_10_20-10_13_32"",""rosbag2_2025_10_20-11_51_02"",""rosbag2_2025_10_20-16_02_46"",""rosbag2_2025_07_11-10_28_07"",""rosbag2_2025_07_11-11_18_00"",""rosbag2_2025_07_18-10_37_07"",""rosbag2_2025_07_25-10_52_32"",""rosbag2_2025_07_25-14_14_16"",""rosbag2_2025_10_09-08_52_20"",""rosbag2_2025_07_11-13_27_26"",""rosbag2_2025_07_11-14_54_55"",""rosbag2_2025_07_17-11_28_34"",""rosbag2_2025_07_17-12_52_12"",""rosbag2_2025_07_24-10_41_01"",""rosbag2_2025_07_24-12_14_56"",""rosbag2_2025_07_24-13_33_54"",""rosbag2_2025_07_24-14_33_36"",""rosbag2_2025_07_07-10_49_31"",""rosbag2_2025_07_22-09_38_18"",""rosbag2_2025_07_22-10_59_25"",""rosbag2_2025_07_22-12_18_30"",""rosbag2_2025_07_22-13_30_39"",""rosbag2_2025_10_09-10_23_38"",""rosbag2_2025_10_15-09_37_49"",""rosbag2_2025_10_15-11_03_05""]","[""2023_07_06_albee_square_landfill_0"",""2023_07_06_albee_square_landfill_1"",""2023_07_06_albee_square_recycle_0"",""2023_07_06_albee_square_recycle_1"",""2023_07_07_albee_square_landfill_0"",""2023_07_07_albee_square_landfill_1"",""2023_07_07_albee_square_recycle_0"",""2023_07_07_albee_square_recycle_1"",""2023_07_11_albee_square_landfill_0"",""2023_07_11_albee_square_landfill_1"",""2023_07_11_albee_square_recycle_0"",""2023_07_11_albee_square_recycle_1"",""2023_07_12_albee_square_landfill_0"",""2023_07_12_albee_square_landfill_1"",""2023_07_12_albee_square_recycle_0"",""2023_07_12_albee_square_recycle_1"",""2023_07_14_albee_square_landfill"",""2023_07_14_albee_square_recycle""]","a3b359426e5e1be57bdcaffeeea3ac16d2a37f0a","938","https://github.com/hucebot/HUI360-Baselines/tree/a3b359426e5e1be57bdcaffeeea3ac16d2a37f0a","2026-04-29T14:19:52.000Z","vipzt4vq","-","2026-04-29T14:19:52.000Z","rerun","NoComment","cross_hui_ssup_stg_nf","stg_nf","100","0.99","none","0.8186309103740297","0.8228954243122023","0.9478147957512516","0.8395036229622355","0.95877201191646","0.641390205371248","0.6644628099173554","0.8195991091314031","0.48333333333333334","0.6100151745068285","0.6289308176100629","59.3387336730957","0.802784222737819","15.150317509969076","0.001","0.45067264573991034","0.943661971830986","149","18.640705108642575","850191","0.046974358974358976","0.06655494373952597","0.07371483996120272","0.12","0.03449987589972698","1","0.05913325232887809","0.05860805860805861","40.23237991333008","0.09433962264150944","18.96356910314315","0.030480167014613774","0.9864864864864864","149","17.798290252685547","2924989","balanced","raphael-Precision-3591"
"stg_nf_interaction_2026_04_29_14_57_03","74810","grouille-1.nancy.grid5000.fr","finished","STG_NF","0.63365434669443","0.700503210133611","0.3265187589081636","0.4117507259549986","150","ssup_train_vs_hui_test","2026-04-29T12:57:04.000Z","none","0.001","0.005","128","false","[""2022_09_21_astor_place_landfill"",""2022_09_21_astor_place_recycle"",""2022_09_26_astor_place_landfill"",""2022_09_26_astor_place_recycle"",""2022_09_28_astor_place_landfill"",""2022_09_28_astor_place_recycle"",""2022_10_06_astor_place_landfill"",""2022_10_06_astor_place_recycle"",""2022_10_12_astor_place_landfill_0"",""2022_10_12_astor_place_landfill_1"",""2022_10_12_astor_place_recycle_0"",""2022_10_12_astor_place_recycle_1""]","[""rosbag2_2025_07_07-11_16_10"",""rosbag2_2025_07_07-12_38_45"",""rosbag2_2025_07_07-15_33_32"",""rosbag2_2025_07_15-12_39_21"",""rosbag2_2025_07_15-13_41_01"",""rosbag2_2025_07_15-14_48_22"",""rosbag2_2025_07_21-10_22_11"",""rosbag2_2025_07_21-11_56_40"",""rosbag2_2025_07_21-13_09_22"",""rosbag2_2025_07_21-14_11_37"",""rosbag2_2025_07_21-15_15_07"",""rosbag2_2025_07_28-10_18_10"",""rosbag2_2025_07_28-11_25_33"",""rosbag2_2025_07_28-13_05_46"",""rosbag2_2025_07_28-14_19_07"",""rosbag2_2025_10_17-13_19_29"",""rosbag2_2025_10_17-14_28_15"",""rosbag2_2025_10_17-15_11_00"",""rosbag2_2025_10_17-16_47_09"",""rosbag2_2025_10_07-15_03_48"",""rosbag2_2025_10_07-16_21_39"",""rosbag2_2025_10_09-17_37_23"",""rosbag2_2025_10_09-18_50_21"",""rosbag2_2025_10_15-12_27_14"",""rosbag2_2025_10_16-11_29_56""]","a3b359426e5e1be57bdcaffeeea3ac16d2a37f0a","1287","https://github.com/hucebot/HUI360-Baselines/tree/a3b359426e5e1be57bdcaffeeea3ac16d2a37f0a","2026-04-29T13:18:31.000Z","xel6q82r","-","2026-04-29T13:18:31.000Z","rerun","NoComment","cross_ssup_hui_stg_nf","stg_nf","100","0.99","none","0.9465398491308624","0.2686817072446709","0.857749951863653","0.30059049778644037","0.8715324749535717","0.33482142857142855","0.34988179669030733","0.40892193308550184","0.23961661341853036","0.3093220338983051","0.3279445727482679","5.695653915405273","0.3806228373702422","3.0047601933280625","0.001","0.2166172106824926","0.5407407407407407","149","4.315479278564453","2195198","0.5675675675675675","0.36645962732919257","0.3782051282051282","0.4","0.3508771929824561","0.9852941176470588","0.30158730158730157","0.3130434782608696","5.956799507141113","0.358974358974359","1.392728127539158","0.2065217391304348","0.5588235294117647","149","0.09106329083442688","146497","balanced","raphael-Precision-3591"
"stgcn_interaction_2026_04_29_15_18_32","3074597","grouille-1.nancy.grid5000.fr","finished","STGCN","0.7493276071490542","0.8365868471282318","0.43234796144252674","0.5229650993484245","50","ssup_train_vs_hui_test","2026-04-29T13:18:33.000Z","none","0.001","0.005","128","false","[""2022_09_21_astor_place_landfill"",""2022_09_21_astor_place_recycle"",""2022_09_26_astor_place_landfill"",""2022_09_26_astor_place_recycle"",""2022_09_28_astor_place_landfill"",""2022_09_28_astor_place_recycle"",""2022_10_06_astor_place_landfill"",""2022_10_06_astor_place_recycle"",""2022_10_12_astor_place_landfill_0"",""2022_10_12_astor_place_landfill_1"",""2022_10_12_astor_place_recycle_0"",""2022_10_12_astor_place_recycle_1""]","[""rosbag2_2025_07_07-11_16_10"",""rosbag2_2025_07_07-12_38_45"",""rosbag2_2025_07_07-15_33_32"",""rosbag2_2025_07_15-12_39_21"",""rosbag2_2025_07_15-13_41_01"",""rosbag2_2025_07_15-14_48_22"",""rosbag2_2025_07_21-10_22_11"",""rosbag2_2025_07_21-11_56_40"",""rosbag2_2025_07_21-13_09_22"",""rosbag2_2025_07_21-14_11_37"",""rosbag2_2025_07_21-15_15_07"",""rosbag2_2025_07_28-10_18_10"",""rosbag2_2025_07_28-11_25_33"",""rosbag2_2025_07_28-13_05_46"",""rosbag2_2025_07_28-14_19_07"",""rosbag2_2025_10_17-13_19_29"",""rosbag2_2025_10_17-14_28_15"",""rosbag2_2025_10_17-15_11_00"",""rosbag2_2025_10_17-16_47_09"",""rosbag2_2025_10_07-15_03_48"",""rosbag2_2025_10_07-16_21_39"",""rosbag2_2025_10_09-17_37_23"",""rosbag2_2025_10_09-18_50_21"",""rosbag2_2025_10_15-12_27_14"",""rosbag2_2025_10_16-11_29_56""]","a3b359426e5e1be57bdcaffeeea3ac16d2a37f0a","272","https://github.com/hucebot/HUI360-Baselines/tree/a3b359426e5e1be57bdcaffeeea3ac16d2a37f0a","2026-04-29T13:23:05.000Z","btfbdfaw","-","2026-04-29T13:23:05.000Z","rerun","NoComment","cross_ssup_hui_stgcn","stgcn","-1","0.99","none","0.9585109872089208","0.7425359777381846","0.9937640138881124","0.7425359777381846","0.9937640138881124","0.5143953934740882","0.7010309278350515","0.7165109034267912","0.3471502590673575","0.5143953934740882","0.7010309278350515","0.9191175699234008","0.7165109034267912","0.15118442747431496","0.001","0.3471502590673575","0.9925925925925926","49","0.07383405417203903","2500098","0.3882063882063882","0.4382470119521912","0.4460431654676259","0.5075757575757576","0.475","1","0.35324675324675325","0.38746438746438744","0.9898990988731384","0.3987730061349693","4.701610684394836","0.21451104100946372","1","49","4.517022132873535","166847","balanced","raphael-Precision-3591"
"stgcn_interaction_2026_04_29_16_19_53","3074597","grouille-1.nancy.grid5000.fr","finished","STGCN","0.688002790181762","0.7318895476818049","0.05582920752052574","0.10352411004504788","100","hui_train_vs_ssup_test","2026-04-29T14:19:54.000Z","none","0.001","0.005","128","false","[""rosbag2_2025_07_10-10_29_13"",""rosbag2_2025_07_10-15_47_18"",""rosbag2_2025_07_07-10_24_20"",""rosbag2_2025_07_16-13_12_03"",""rosbag2_2025_07_16-14_07_49"",""rosbag2_2025_07_16-15_50_45"",""rosbag2_2025_07_23-11_01_56"",""rosbag2_2025_07_23-12_18_45"",""rosbag2_2025_07_23-13_17_40"",""rosbag2_2025_07_23-14_30_55"",""rosbag2_2025_07_29-10_23_14"",""rosbag2_2025_07_29-13_17_18"",""rosbag2_2025_07_29-14_09_46"",""rosbag2_2025_10_15-12_02_00"",""rosbag2_2025_10_15-13_11_27"",""rosbag2_2025_10_15-14_02_29"",""rosbag2_2025_10_15-14_30_03"",""rosbag2_2025_10_16-09_27_48"",""rosbag2_2025_10_16-12_47_57"",""rosbag2_2025_10_20-10_13_32"",""rosbag2_2025_10_20-11_51_02"",""rosbag2_2025_10_20-16_02_46"",""rosbag2_2025_07_11-10_28_07"",""rosbag2_2025_07_11-11_18_00"",""rosbag2_2025_07_18-10_37_07"",""rosbag2_2025_07_25-10_52_32"",""rosbag2_2025_07_25-14_14_16"",""rosbag2_2025_10_09-08_52_20"",""rosbag2_2025_07_11-13_27_26"",""rosbag2_2025_07_11-14_54_55"",""rosbag2_2025_07_17-11_28_34"",""rosbag2_2025_07_17-12_52_12"",""rosbag2_2025_07_24-10_41_01"",""rosbag2_2025_07_24-12_14_56"",""rosbag2_2025_07_24-13_33_54"",""rosbag2_2025_07_24-14_33_36"",""rosbag2_2025_07_07-10_49_31"",""rosbag2_2025_07_22-09_38_18"",""rosbag2_2025_07_22-10_59_25"",""rosbag2_2025_07_22-12_18_30"",""rosbag2_2025_07_22-13_30_39"",""rosbag2_2025_10_09-10_23_38"",""rosbag2_2025_10_15-09_37_49"",""rosbag2_2025_10_15-11_03_05""]","[""2023_07_06_albee_square_landfill_0"",""2023_07_06_albee_square_landfill_1"",""2023_07_06_albee_square_recycle_0"",""2023_07_06_albee_square_recycle_1"",""2023_07_07_albee_square_landfill_0"",""2023_07_07_albee_square_landfill_1"",""2023_07_07_albee_square_recycle_0"",""2023_07_07_albee_square_recycle_1"",""2023_07_11_albee_square_landfill_0"",""2023_07_11_albee_square_landfill_1"",""2023_07_11_albee_square_recycle_0"",""2023_07_11_albee_square_recycle_1"",""2023_07_12_albee_square_landfill_0"",""2023_07_12_albee_square_landfill_1"",""2023_07_12_albee_square_recycle_0"",""2023_07_12_albee_square_recycle_1"",""2023_07_14_albee_square_landfill"",""2023_07_14_albee_square_recycle""]","a3b359426e5e1be57bdcaffeeea3ac16d2a37f0a","505","https://github.com/hucebot/HUI360-Baselines/tree/a3b359426e5e1be57bdcaffeeea3ac16d2a37f0a","2026-04-29T14:28:19.000Z","ixikexs5","-","2026-04-29T14:28:19.000Z","rerun","NoComment","cross_hui_ssup_stgcn","stgcn","-1","0.99","none","0.9089625970359916","0.8470493993170426","0.9717101055948092","0.9310213769468784","0.9907624038806482","0.8455284552845529","0.7371134020618557","0.9027777777777778","0.7455197132616488","0.7475538160469667","0.6548672566371682","0.6868497133255005","0.7921225382932167","0.3546002383033435","0.001","0.6409395973154363","0.8967136150234741","99","0.3754562139511109","991891","0.9667692307692308","0.08727272727272728","0.07033639143730887","0.17427385892116182","0.3636363636363637","0.4864864864864865","0","0","0.009558754041790962","0.098159509202454","1.0842027024676402","0","0","99","0.24647998809814453","3412489","balanced","raphael-Precision-3591"
"stgcn_interaction_2026_04_29_14_25_31","3074597","grouille-1.nancy.grid5000.fr","finished","STGCN","0.8681724881217159","0.8821534142562278","0.2129407277871203","0.2463734266772146","50","ssup_train_vs_ssup_test","2026-04-29T12:25:32.000Z","none","0.001","0.005","128","false","[""2022_09_21_astor_place_landfill"",""2022_09_21_astor_place_recycle"",""2022_09_26_astor_place_landfill"",""2022_09_26_astor_place_recycle"",""2022_09_28_astor_place_landfill"",""2022_09_28_astor_place_recycle"",""2022_10_06_astor_place_landfill"",""2022_10_06_astor_place_recycle"",""2022_10_12_astor_place_landfill_0"",""2022_10_12_astor_place_landfill_1"",""2022_10_12_astor_place_recycle_0"",""2022_10_12_astor_place_recycle_1""]","[""2023_07_06_albee_square_landfill_0"",""2023_07_06_albee_square_landfill_1"",""2023_07_06_albee_square_recycle_0"",""2023_07_06_albee_square_recycle_1"",""2023_07_07_albee_square_landfill_0"",""2023_07_07_albee_square_landfill_1"",""2023_07_07_albee_square_recycle_0"",""2023_07_07_albee_square_recycle_1"",""2023_07_11_albee_square_landfill_0"",""2023_07_11_albee_square_landfill_1"",""2023_07_11_albee_square_recycle_0"",""2023_07_11_albee_square_recycle_1"",""2023_07_12_albee_square_landfill_0"",""2023_07_12_albee_square_landfill_1"",""2023_07_12_albee_square_recycle_0"",""2023_07_12_albee_square_recycle_1"",""2023_07_14_albee_square_landfill"",""2023_07_14_albee_square_recycle""]","a3b359426e5e1be57bdcaffeeea3ac16d2a37f0a","309","https://github.com/hucebot/HUI360-Baselines/tree/a3b359426e5e1be57bdcaffeeea3ac16d2a37f0a","2026-04-29T12:30:41.000Z","j6hvzilu","-","2026-04-29T12:30:41.000Z","rerun","NoComment","in_ssup_stgcn","stgcn","-1","0.99","none","0.9430960970810102","0.6721026564908071","0.9896323625319098","0.7021311863826776","0.9905801827317844","0.4642233856893543","0.6716417910447762","0.6738351254480287","0.3036529680365297","0.433931484502447","0.6366782006920415","0.9290302395820618","0.6417445482866043","0.2097472275296847","0.001","0.27824267782426776","0.9851851851851852","49","0.24571925401687625","2134218","0.904","0.2689655172413793","0.32545931758530183","0.325068870523416","0.18055555555555555","0.8040540540540541","0.2664576802507837","0.3002832861189802","0.8989887237548828","0.30656934306569344","2.9276182429912763","0.17346938775510204","0.5743243243243243","49","0.6040135622024536","1706239","balanced","raphael-Precision-3591"
"stgcn_interaction_2026_04_29_11_20_33","3074597","abacus22-3.rennes.grid5000.fr","finished","STGCN","0.8802273121638036","0.898837411070623","0.5810129682680113","0.6370109033539091","100","hui_train_vs_hui_test","2026-04-29T09:20:34.000Z","none","0.001","0.005","128","false","[""rosbag2_2025_07_10-10_29_13"",""rosbag2_2025_07_10-15_47_18"",""rosbag2_2025_07_07-10_24_20"",""rosbag2_2025_07_16-13_12_03"",""rosbag2_2025_07_16-14_07_49"",""rosbag2_2025_07_16-15_50_45"",""rosbag2_2025_07_23-11_01_56"",""rosbag2_2025_07_23-12_18_45"",""rosbag2_2025_07_23-13_17_40"",""rosbag2_2025_07_23-14_30_55"",""rosbag2_2025_07_29-10_23_14"",""rosbag2_2025_07_29-13_17_18"",""rosbag2_2025_07_29-14_09_46"",""rosbag2_2025_10_15-12_02_00"",""rosbag2_2025_10_15-13_11_27"",""rosbag2_2025_10_15-14_02_29"",""rosbag2_2025_10_15-14_30_03"",""rosbag2_2025_10_16-09_27_48"",""rosbag2_2025_10_16-12_47_57"",""rosbag2_2025_10_20-10_13_32"",""rosbag2_2025_10_20-11_51_02"",""rosbag2_2025_10_20-16_02_46"",""rosbag2_2025_07_11-10_28_07"",""rosbag2_2025_07_11-11_18_00"",""rosbag2_2025_07_18-10_37_07"",""rosbag2_2025_07_25-10_52_32"",""rosbag2_2025_07_25-14_14_16"",""rosbag2_2025_10_09-08_52_20"",""rosbag2_2025_07_11-13_27_26"",""rosbag2_2025_07_11-14_54_55"",""rosbag2_2025_07_17-11_28_34"",""rosbag2_2025_07_17-12_52_12"",""rosbag2_2025_07_24-10_41_01"",""rosbag2_2025_07_24-12_14_56"",""rosbag2_2025_07_24-13_33_54"",""rosbag2_2025_07_24-14_33_36"",""rosbag2_2025_07_07-10_49_31"",""rosbag2_2025_07_22-09_38_18"",""rosbag2_2025_07_22-10_59_25"",""rosbag2_2025_07_22-12_18_30"",""rosbag2_2025_07_22-13_30_39"",""rosbag2_2025_10_09-10_23_38"",""rosbag2_2025_10_15-09_37_49"",""rosbag2_2025_10_15-11_03_05""]","[""rosbag2_2025_07_07-11_16_10"",""rosbag2_2025_07_07-12_38_45"",""rosbag2_2025_07_07-15_33_32"",""rosbag2_2025_07_15-12_39_21"",""rosbag2_2025_07_15-13_41_01"",""rosbag2_2025_07_15-14_48_22"",""rosbag2_2025_07_21-10_22_11"",""rosbag2_2025_07_21-11_56_40"",""rosbag2_2025_07_21-13_09_22"",""rosbag2_2025_07_21-14_11_37"",""rosbag2_2025_07_21-15_15_07"",""rosbag2_2025_07_28-10_18_10"",""rosbag2_2025_07_28-11_25_33"",""rosbag2_2025_07_28-13_05_46"",""rosbag2_2025_07_28-14_19_07"",""rosbag2_2025_10_17-13_19_29"",""rosbag2_2025_10_17-14_28_15"",""rosbag2_2025_10_17-15_11_00"",""rosbag2_2025_10_17-16_47_09"",""rosbag2_2025_10_07-15_03_48"",""rosbag2_2025_10_07-16_21_39"",""rosbag2_2025_10_09-17_37_23"",""rosbag2_2025_10_09-18_50_21"",""rosbag2_2025_10_15-12_27_14"",""rosbag2_2025_10_16-11_29_56""]","ab844d45ffffc00da3e80d714603270de8978822","387","https://github.com/hucebot/HUI360-Baselines/tree/ab844d45ffffc00da3e80d714603270de8978822","2026-04-29T09:27:01.000Z","nzne2e6d","-","2026-04-29T09:27:01.000Z","rerun","NoComment","in_hui_stgcn","stgcn","-1","0.99","none","0.9244883556810164","0.8768103571208785","0.9789882707095284","0.892017413384231","0.9821876998424656","0.8007968127490039","0.6951566951566952","0.8421052631578947","0.6955017301038062","0.7938342967244701","0.6951566951566952","0.8484756350517273","0.815347721822542","0.2892926049729188","0.001","0.673202614379085","0.9671361502347418","99","0.23275399208068848","991891","0.8378378378378378","0.6486486486486487","0.4615384615384616","0.6564885496183206","0.6451612903225806","0.8529411764705882","0.5074626865671642","0.225","0.1512024700641632","0.6086956521739131","1.4521138668060305","0.5151515151515151","0.5","99","2.0552237033843994","284877","balanced","raphael-Precision-3591"
"skateformer_interaction_2026_04_29_11_57_08","1910872","abacus22-3.rennes.grid5000.fr","finished","SKATEFORMER","0.8260167296554013","0.8442186633428436","0.17521332479733442","0.18955593651484012","150","ssup_train_vs_ssup_test","2026-04-29T09:57:09.000Z","CosineAnnealingWithWarmup","0.001","0.005","128","false","[""2022_09_21_astor_place_landfill"",""2022_09_21_astor_place_recycle"",""2022_09_26_astor_place_landfill"",""2022_09_26_astor_place_recycle"",""2022_09_28_astor_place_landfill"",""2022_09_28_astor_place_recycle"",""2022_10_06_astor_place_landfill"",""2022_10_06_astor_place_recycle"",""2022_10_12_astor_place_landfill_0"",""2022_10_12_astor_place_landfill_1"",""2022_10_12_astor_place_recycle_0"",""2022_10_12_astor_place_recycle_1""]","[""2023_07_06_albee_square_landfill_0"",""2023_07_06_albee_square_landfill_1"",""2023_07_06_albee_square_recycle_0"",""2023_07_06_albee_square_recycle_1"",""2023_07_07_albee_square_landfill_0"",""2023_07_07_albee_square_landfill_1"",""2023_07_07_albee_square_recycle_0"",""2023_07_07_albee_square_recycle_1"",""2023_07_11_albee_square_landfill_0"",""2023_07_11_albee_square_landfill_1"",""2023_07_11_albee_square_recycle_0"",""2023_07_11_albee_square_recycle_1"",""2023_07_12_albee_square_landfill_0"",""2023_07_12_albee_square_landfill_1"",""2023_07_12_albee_square_recycle_0"",""2023_07_12_albee_square_recycle_1"",""2023_07_14_albee_square_landfill"",""2023_07_14_albee_square_recycle""]","a3b359426e5e1be57bdcaffeeea3ac16d2a37f0a","2137","https://github.com/hucebot/HUI360-Baselines/tree/a3b359426e5e1be57bdcaffeeea3ac16d2a37f0a","2026-04-29T10:32:46.000Z","2dv8daog","-","2026-04-29T10:32:46.000Z","rerun","Base","in_ssup_skateformer","skateformer","1","[-1,1,0.00001,1,1e-7,25]","none","0.922597572974746","0.24543721623885795","0.9125359469816956","0.253515754137792","0.9128353240041986","0.27617602427921095","0.27184466019417475","0.3594936708860759","0.1736641221374046","0.2716049382716049","0.2153846153846154","0.7782397866249084","0.35858585858585856","0.8794546344627937","0.00008159469122054923","0.1715399610136452","0.6518518518518519","149","1.6416096687316897","1280498","0.9046153846153846","0.26894865525672373","0.2474747474747475","0.27621483375959077","0.3220338983050847","1","0.23393739703459637","0.19138755980861244","0.6674032807350159","0.2572062084257206","1.5459103003526344","0.15468409586056645","0.4797297297297297","149","0.29446280002593994","1023739","balanced","raphael-Precision-3591"
"skateformer_interaction_2026_04_29_10_42_43","1910872","abacus22-3.rennes.grid5000.fr","finished","SKATEFORMER","0.7805613395800798","0.838452195037307","0.3616951002900308","0.5403601146197645","300","hui_train_vs_hui_test","2026-04-29T08:42:44.000Z","CosineAnnealingWithWarmup","0.001","0.005","128","false","[""rosbag2_2025_07_10-10_29_13"",""rosbag2_2025_07_10-15_47_18"",""rosbag2_2025_07_07-10_24_20"",""rosbag2_2025_07_16-13_12_03"",""rosbag2_2025_07_16-14_07_49"",""rosbag2_2025_07_16-15_50_45"",""rosbag2_2025_07_23-11_01_56"",""rosbag2_2025_07_23-12_18_45"",""rosbag2_2025_07_23-13_17_40"",""rosbag2_2025_07_23-14_30_55"",""rosbag2_2025_07_29-10_23_14"",""rosbag2_2025_07_29-13_17_18"",""rosbag2_2025_07_29-14_09_46"",""rosbag2_2025_10_15-12_02_00"",""rosbag2_2025_10_15-13_11_27"",""rosbag2_2025_10_15-14_02_29"",""rosbag2_2025_10_15-14_30_03"",""rosbag2_2025_10_16-09_27_48"",""rosbag2_2025_10_16-12_47_57"",""rosbag2_2025_10_20-10_13_32"",""rosbag2_2025_10_20-11_51_02"",""rosbag2_2025_10_20-16_02_46"",""rosbag2_2025_07_11-10_28_07"",""rosbag2_2025_07_11-11_18_00"",""rosbag2_2025_07_18-10_37_07"",""rosbag2_2025_07_25-10_52_32"",""rosbag2_2025_07_25-14_14_16"",""rosbag2_2025_10_09-08_52_20"",""rosbag2_2025_07_11-13_27_26"",""rosbag2_2025_07_11-14_54_55"",""rosbag2_2025_07_17-11_28_34"",""rosbag2_2025_07_17-12_52_12"",""rosbag2_2025_07_24-10_41_01"",""rosbag2_2025_07_24-12_14_56"",""rosbag2_2025_07_24-13_33_54"",""rosbag2_2025_07_24-14_33_36"",""rosbag2_2025_07_07-10_49_31"",""rosbag2_2025_07_22-09_38_18"",""rosbag2_2025_07_22-10_59_25"",""rosbag2_2025_07_22-12_18_30"",""rosbag2_2025_07_22-13_30_39"",""rosbag2_2025_10_09-10_23_38"",""rosbag2_2025_10_15-09_37_49"",""rosbag2_2025_10_15-11_03_05""]","[""rosbag2_2025_07_07-11_16_10"",""rosbag2_2025_07_07-12_38_45"",""rosbag2_2025_07_07-15_33_32"",""rosbag2_2025_07_15-12_39_21"",""rosbag2_2025_07_15-13_41_01"",""rosbag2_2025_07_15-14_48_22"",""rosbag2_2025_07_21-10_22_11"",""rosbag2_2025_07_21-11_56_40"",""rosbag2_2025_07_21-13_09_22"",""rosbag2_2025_07_21-14_11_37"",""rosbag2_2025_07_21-15_15_07"",""rosbag2_2025_07_28-10_18_10"",""rosbag2_2025_07_28-11_25_33"",""rosbag2_2025_07_28-13_05_46"",""rosbag2_2025_07_28-14_19_07"",""rosbag2_2025_10_17-13_19_29"",""rosbag2_2025_10_17-14_28_15"",""rosbag2_2025_10_17-15_11_00"",""rosbag2_2025_10_17-16_47_09"",""rosbag2_2025_10_07-15_03_48"",""rosbag2_2025_10_07-16_21_39"",""rosbag2_2025_10_09-17_37_23"",""rosbag2_2025_10_09-18_50_21"",""rosbag2_2025_10_15-12_27_14"",""rosbag2_2025_10_16-11_29_56""]","ab844d45ffffc00da3e80d714603270de8978822","1517","https://github.com/hucebot/HUI360-Baselines/tree/ab844d45ffffc00da3e80d714603270de8978822","2026-04-29T09:08:01.000Z","9nn5l2ol","-","2026-04-29T09:08:01.000Z","rerun","Base","in_hui_skateformer","skateformer","1","[-1,1,0.00001,1,1e-7,25]","none","1","1","1","1","1","1","0.9976580796252928","1","1","1","0.990521327014218","0.24242424964904785","1","0.0032595342958033533","0.00002823452943515924","1","1","299","1.059638137235197e-7","637641","0.7837837837837838","0.4897959183673469","0.5203252032520326","0.54421768707483","1","1","0.3888888888888889","0.4","0.010101010091602802","0.4230769230769231","12.27753472328186","0.3684210526315789","0.4117647058823529","299","10.65455150604248","183127","balanced","raphael-Precision-3591"
"skateformer_interaction_2026_04_29_14_34_34","1910872","grouille-1.nancy.grid5000.fr","finished","SKATEFORMER","0.7315634218289085","0.751995488460871","0.43045340665857673","0.4532363878683591","150","ssup_train_vs_hui_test","2026-04-29T12:34:34.000Z","CosineAnnealingWithWarmup","0.001","0.005","128","false","[""2022_09_21_astor_place_landfill"",""2022_09_21_astor_place_recycle"",""2022_09_26_astor_place_landfill"",""2022_09_26_astor_place_recycle"",""2022_09_28_astor_place_landfill"",""2022_09_28_astor_place_recycle"",""2022_10_06_astor_place_landfill"",""2022_10_06_astor_place_recycle"",""2022_10_12_astor_place_landfill_0"",""2022_10_12_astor_place_landfill_1"",""2022_10_12_astor_place_recycle_0"",""2022_10_12_astor_place_recycle_1""]","[""rosbag2_2025_07_07-11_16_10"",""rosbag2_2025_07_07-12_38_45"",""rosbag2_2025_07_07-15_33_32"",""rosbag2_2025_07_15-12_39_21"",""rosbag2_2025_07_15-13_41_01"",""rosbag2_2025_07_15-14_48_22"",""rosbag2_2025_07_21-10_22_11"",""rosbag2_2025_07_21-11_56_40"",""rosbag2_2025_07_21-13_09_22"",""rosbag2_2025_07_21-14_11_37"",""rosbag2_2025_07_21-15_15_07"",""rosbag2_2025_07_28-10_18_10"",""rosbag2_2025_07_28-11_25_33"",""rosbag2_2025_07_28-13_05_46"",""rosbag2_2025_07_28-14_19_07"",""rosbag2_2025_10_17-13_19_29"",""rosbag2_2025_10_17-14_28_15"",""rosbag2_2025_10_17-15_11_00"",""rosbag2_2025_10_17-16_47_09"",""rosbag2_2025_10_07-15_03_48"",""rosbag2_2025_10_07-16_21_39"",""rosbag2_2025_10_09-17_37_23"",""rosbag2_2025_10_09-18_50_21"",""rosbag2_2025_10_15-12_27_14"",""rosbag2_2025_10_16-11_29_56""]","a3b359426e5e1be57bdcaffeeea3ac16d2a37f0a","1348","https://github.com/hucebot/HUI360-Baselines/tree/a3b359426e5e1be57bdcaffeeea3ac16d2a37f0a","2026-04-29T12:57:02.000Z","blf3hvio","-","2026-04-29T12:57:02.000Z","rerun","Base","cross_ssup_hui_skateformer","skateformer","1","[-1,1,0.00001,1,1e-7,25]","none","0.9207937028533946","0.29616452177208386","0.9165620089316214","0.29616452177208386","0.9220365090900056","0.28659476117103233","0.3185840707964602","0.3931034482758621","0.18093385214007784","0.27802690582959644","0.23655913978494625","0.8766986727714539","0.3931034482758621","0.8722474646444122","0.00008159469122054923","0.17415730337078653","0.6888888888888889","149","1.768844485282898","1280498","0.8476658476658476","0.41916167664670656","0.4121212121212121","0.4430379746835443","1","1","0.3111111111111111","0.1111111111111111","0.07387501746416092","0.4142857142857143","21.10632634162903","0.6363636363636364","0.2058823529411765","149","31.36176872253418","85447","balanced","raphael-Precision-3591"
"skateformer_interaction_2026_04_29_15_31_37","1910872","grouille-1.nancy.grid5000.fr","finished","SKATEFORMER","0.5679792337291808","0.7088340985368697","0.05842367311514494","0.07172929039219607","300","hui_train_vs_ssup_test","2026-04-29T13:31:38.000Z","CosineAnnealingWithWarmup","0.001","0.005","128","false","[""rosbag2_2025_07_10-10_29_13"",""rosbag2_2025_07_10-15_47_18"",""rosbag2_2025_07_07-10_24_20"",""rosbag2_2025_07_16-13_12_03"",""rosbag2_2025_07_16-14_07_49"",""rosbag2_2025_07_16-15_50_45"",""rosbag2_2025_07_23-11_01_56"",""rosbag2_2025_07_23-12_18_45"",""rosbag2_2025_07_23-13_17_40"",""rosbag2_2025_07_23-14_30_55"",""rosbag2_2025_07_29-10_23_14"",""rosbag2_2025_07_29-13_17_18"",""rosbag2_2025_07_29-14_09_46"",""rosbag2_2025_10_15-12_02_00"",""rosbag2_2025_10_15-13_11_27"",""rosbag2_2025_10_15-14_02_29"",""rosbag2_2025_10_15-14_30_03"",""rosbag2_2025_10_16-09_27_48"",""rosbag2_2025_10_16-12_47_57"",""rosbag2_2025_10_20-10_13_32"",""rosbag2_2025_10_20-11_51_02"",""rosbag2_2025_10_20-16_02_46"",""rosbag2_2025_07_11-10_28_07"",""rosbag2_2025_07_11-11_18_00"",""rosbag2_2025_07_18-10_37_07"",""rosbag2_2025_07_25-10_52_32"",""rosbag2_2025_07_25-14_14_16"",""rosbag2_2025_10_09-08_52_20"",""rosbag2_2025_07_11-13_27_26"",""rosbag2_2025_07_11-14_54_55"",""rosbag2_2025_07_17-11_28_34"",""rosbag2_2025_07_17-12_52_12"",""rosbag2_2025_07_24-10_41_01"",""rosbag2_2025_07_24-12_14_56"",""rosbag2_2025_07_24-13_33_54"",""rosbag2_2025_07_24-14_33_36"",""rosbag2_2025_07_07-10_49_31"",""rosbag2_2025_07_22-09_38_18"",""rosbag2_2025_07_22-10_59_25"",""rosbag2_2025_07_22-12_18_30"",""rosbag2_2025_07_22-13_30_39"",""rosbag2_2025_10_09-10_23_38"",""rosbag2_2025_10_15-09_37_49"",""rosbag2_2025_10_15-11_03_05""]","[""2023_07_06_albee_square_landfill_0"",""2023_07_06_albee_square_landfill_1"",""2023_07_06_albee_square_recycle_0"",""2023_07_06_albee_square_recycle_1"",""2023_07_07_albee_square_landfill_0"",""2023_07_07_albee_square_landfill_1"",""2023_07_07_albee_square_recycle_0"",""2023_07_07_albee_square_recycle_1"",""2023_07_11_albee_square_landfill_0"",""2023_07_11_albee_square_landfill_1"",""2023_07_11_albee_square_recycle_0"",""2023_07_11_albee_square_recycle_1"",""2023_07_12_albee_square_landfill_0"",""2023_07_12_albee_square_landfill_1"",""2023_07_12_albee_square_recycle_0"",""2023_07_12_albee_square_recycle_1"",""2023_07_14_albee_square_landfill"",""2023_07_14_albee_square_recycle""]","a3b359426e5e1be57bdcaffeeea3ac16d2a37f0a","1955","https://github.com/hucebot/HUI360-Baselines/tree/a3b359426e5e1be57bdcaffeeea3ac16d2a37f0a","2026-04-29T14:04:13.000Z","g3tuqy6t","-","2026-04-29T14:04:13.000Z","rerun","Base","cross_hui_ssup_skateformer","skateformer","1","[-1,1,0.00001,1,1e-7,25]","none","0.9992942836979536","1","1","1","1","0.9976580796252928","1","1","1","0.9976470588235294","0.9929078014184396","0.03030303120613098","1","0.005610514875149519","0.00002823452943515924","1","0.9953051643192488","299","1.059638137235197e-7","637641","0.9692307692307692","0.12094395280235988","0.11235955056179776","0.136986301369863","1","1","0.013157894736842105","0.01324503311258278","0.9998571872711182","0.013422818791946308","8.696318392665722","0.25","0.006756756756756757","299","0","2193739","balanced","raphael-Precision-3591"
"mlp_interaction_2026_04_29_11_55_00","66081","abacus22-3.rennes.grid5000.fr","finished","MLP","0.8737542810422015","0.8877723714829701","0.1977202649379035","0.25145033535447336","30","ssup_train_vs_ssup_test","2026-04-29T09:55:01.000Z","ExponentialDecay","0.001","0.005","128","true","[""2022_09_21_astor_place_landfill"",""2022_09_21_astor_place_recycle"",""2022_09_26_astor_place_landfill"",""2022_09_26_astor_place_recycle"",""2022_09_28_astor_place_landfill"",""2022_09_28_astor_place_recycle"",""2022_10_06_astor_place_landfill"",""2022_10_06_astor_place_recycle"",""2022_10_12_astor_place_landfill_0"",""2022_10_12_astor_place_landfill_1"",""2022_10_12_astor_place_recycle_0"",""2022_10_12_astor_place_recycle_1""]","[""2023_07_06_albee_square_landfill_0"",""2023_07_06_albee_square_landfill_1"",""2023_07_06_albee_square_recycle_0"",""2023_07_06_albee_square_recycle_1"",""2023_07_07_albee_square_landfill_0"",""2023_07_07_albee_square_landfill_1"",""2023_07_07_albee_square_recycle_0"",""2023_07_07_albee_square_recycle_1"",""2023_07_11_albee_square_landfill_0"",""2023_07_11_albee_square_landfill_1"",""2023_07_11_albee_square_recycle_0"",""2023_07_11_albee_square_recycle_1"",""2023_07_12_albee_square_landfill_0"",""2023_07_12_albee_square_landfill_1"",""2023_07_12_albee_square_recycle_0"",""2023_07_12_albee_square_recycle_1"",""2023_07_14_albee_square_landfill"",""2023_07_14_albee_square_recycle""]","a3b359426e5e1be57bdcaffeeea3ac16d2a37f0a","126","https://github.com/hucebot/HUI360-Baselines/tree/a3b359426e5e1be57bdcaffeeea3ac16d2a37f0a","2026-04-29T09:57:07.000Z","813myhp4","-","2026-04-29T09:57:07.000Z","rerun","NoComment","in_ssup_mlp","mlp","-1","0.99","all","0.9317809117743524","0.6619267774069758","0.988964043701592","0.6621529451165583","0.988964043701592","0.39002932551319647","0.6214285714285714","0.6360655737704918","0.24314442413162707","0.39002932551319647","0.60431654676259","0.939317226409912","0.6351351351351351","0.22471535586131117","0.0007397003733882801","0.24314442413162707","0.9851851851851852","29","0.18946747481822968","365798","0.9302564102564104","0.284789644012945","0.33125","0.3426791277258567","0.20186335403726707","0.945945945945946","0.2765957446808511","0.17757009345794392","0.5454188585281372","0.28507795100222716","4.097686115365762","0.20186335403726707","0.4391891891891892","29","0.03303156793117523","292489","balanced","raphael-Precision-3591"
"mlp_interaction_2026_04_29_10_39_35","66081","abacus22-3.rennes.grid5000.fr","finished","MLP","0.855717508242235","0.8587541211174735","0.4757264212656336","0.5449042297387741","75","hui_train_vs_hui_test","2026-04-29T08:39:36.000Z","ExponentialDecay","0.001","0.005","128","true","[""rosbag2_2025_07_10-10_29_13"",""rosbag2_2025_07_10-15_47_18"",""rosbag2_2025_07_07-10_24_20"",""rosbag2_2025_07_16-13_12_03"",""rosbag2_2025_07_16-14_07_49"",""rosbag2_2025_07_16-15_50_45"",""rosbag2_2025_07_23-11_01_56"",""rosbag2_2025_07_23-12_18_45"",""rosbag2_2025_07_23-13_17_40"",""rosbag2_2025_07_23-14_30_55"",""rosbag2_2025_07_29-10_23_14"",""rosbag2_2025_07_29-13_17_18"",""rosbag2_2025_07_29-14_09_46"",""rosbag2_2025_10_15-12_02_00"",""rosbag2_2025_10_15-13_11_27"",""rosbag2_2025_10_15-14_02_29"",""rosbag2_2025_10_15-14_30_03"",""rosbag2_2025_10_16-09_27_48"",""rosbag2_2025_10_16-12_47_57"",""rosbag2_2025_10_20-10_13_32"",""rosbag2_2025_10_20-11_51_02"",""rosbag2_2025_10_20-16_02_46"",""rosbag2_2025_07_11-10_28_07"",""rosbag2_2025_07_11-11_18_00"",""rosbag2_2025_07_18-10_37_07"",""rosbag2_2025_07_25-10_52_32"",""rosbag2_2025_07_25-14_14_16"",""rosbag2_2025_10_09-08_52_20"",""rosbag2_2025_07_11-13_27_26"",""rosbag2_2025_07_11-14_54_55"",""rosbag2_2025_07_17-11_28_34"",""rosbag2_2025_07_17-12_52_12"",""rosbag2_2025_07_24-10_41_01"",""rosbag2_2025_07_24-12_14_56"",""rosbag2_2025_07_24-13_33_54"",""rosbag2_2025_07_24-14_33_36"",""rosbag2_2025_07_07-10_49_31"",""rosbag2_2025_07_22-09_38_18"",""rosbag2_2025_07_22-10_59_25"",""rosbag2_2025_07_22-12_18_30"",""rosbag2_2025_07_22-13_30_39"",""rosbag2_2025_10_09-10_23_38"",""rosbag2_2025_10_15-09_37_49"",""rosbag2_2025_10_15-11_03_05""]","[""rosbag2_2025_07_07-11_16_10"",""rosbag2_2025_07_07-12_38_45"",""rosbag2_2025_07_07-15_33_32"",""rosbag2_2025_07_15-12_39_21"",""rosbag2_2025_07_15-13_41_01"",""rosbag2_2025_07_15-14_48_22"",""rosbag2_2025_07_21-10_22_11"",""rosbag2_2025_07_21-11_56_40"",""rosbag2_2025_07_21-13_09_22"",""rosbag2_2025_07_21-14_11_37"",""rosbag2_2025_07_21-15_15_07"",""rosbag2_2025_07_28-10_18_10"",""rosbag2_2025_07_28-11_25_33"",""rosbag2_2025_07_28-13_05_46"",""rosbag2_2025_07_28-14_19_07"",""rosbag2_2025_10_17-13_19_29"",""rosbag2_2025_10_17-14_28_15"",""rosbag2_2025_10_17-15_11_00"",""rosbag2_2025_10_17-16_47_09"",""rosbag2_2025_10_07-15_03_48"",""rosbag2_2025_10_07-16_21_39"",""rosbag2_2025_10_09-17_37_23"",""rosbag2_2025_10_09-18_50_21"",""rosbag2_2025_10_15-12_27_14"",""rosbag2_2025_10_16-11_29_56""]","ab844d45ffffc00da3e80d714603270de8978822","184","https://github.com/hucebot/HUI360-Baselines/tree/ab844d45ffffc00da3e80d714603270de8978822","2026-04-29T08:42:40.000Z","iniw08bb","-","2026-04-29T08:42:40.000Z","rerun","NoComment","in_hui_mlp","mlp","-1","0.99","all","0.976711362032463","0.9949466743510592","0.999060252990813","0.9987468871680072","0.9997738368193658","0.9616252821670428","0.9514563106796116","0.9838337182448036","0.9260869565217392","0.9274725274725276","0.9215189873417722","0.7272727489471436","0.967741935483871","0.07490499007205169","0.0004705866415856499","0.871900826446281","0.9906103286384976","74","0.0507030226290226","212541","0.8157248157248157","0.5654450261780105","0.4247787610619469","0.5714285714285714","0.46464646464646464","0.9264705882352942","0.5222929936305732","0.34951456310679613","0.07070706784725189","0.5454545454545454","2.044314384460449","0.4606741573033708","0.6029411764705882","74","1.8864033222198489","61027","balanced","raphael-Precision-3591"
"mlp_interaction_2026_04_29_14_32_56","66081","grouille-1.nancy.grid5000.fr","finished","MLP","0.7784574006593787","0.8015356585111921","0.4625661257271502","0.49112203995205567","30","ssup_train_vs_hui_test","2026-04-29T12:32:57.000Z","ExponentialDecay","0.001","0.005","128","true","[""2022_09_21_astor_place_landfill"",""2022_09_21_astor_place_recycle"",""2022_09_26_astor_place_landfill"",""2022_09_26_astor_place_recycle"",""2022_09_28_astor_place_landfill"",""2022_09_28_astor_place_recycle"",""2022_10_06_astor_place_landfill"",""2022_10_06_astor_place_recycle"",""2022_10_12_astor_place_landfill_0"",""2022_10_12_astor_place_landfill_1"",""2022_10_12_astor_place_recycle_0"",""2022_10_12_astor_place_recycle_1""]","[""rosbag2_2025_07_07-11_16_10"",""rosbag2_2025_07_07-12_38_45"",""rosbag2_2025_07_07-15_33_32"",""rosbag2_2025_07_15-12_39_21"",""rosbag2_2025_07_15-13_41_01"",""rosbag2_2025_07_15-14_48_22"",""rosbag2_2025_07_21-10_22_11"",""rosbag2_2025_07_21-11_56_40"",""rosbag2_2025_07_21-13_09_22"",""rosbag2_2025_07_21-14_11_37"",""rosbag2_2025_07_21-15_15_07"",""rosbag2_2025_07_28-10_18_10"",""rosbag2_2025_07_28-11_25_33"",""rosbag2_2025_07_28-13_05_46"",""rosbag2_2025_07_28-14_19_07"",""rosbag2_2025_10_17-13_19_29"",""rosbag2_2025_10_17-14_28_15"",""rosbag2_2025_10_17-15_11_00"",""rosbag2_2025_10_17-16_47_09"",""rosbag2_2025_10_07-15_03_48"",""rosbag2_2025_10_07-16_21_39"",""rosbag2_2025_10_09-17_37_23"",""rosbag2_2025_10_09-18_50_21"",""rosbag2_2025_10_15-12_27_14"",""rosbag2_2025_10_16-11_29_56""]","a3b359426e5e1be57bdcaffeeea3ac16d2a37f0a","96","https://github.com/hucebot/HUI360-Baselines/tree/a3b359426e5e1be57bdcaffeeea3ac16d2a37f0a","2026-04-29T12:34:33.000Z","pm7xh48q","-","2026-04-29T12:34:33.000Z","rerun","NoComment","cross_ssup_hui_mlp","mlp","-1","0.99","all","0.9240734667103968","0.6787739625163828","0.9876050459313918","0.679688237352631","0.9889839193545382","0.3993993993993994","0.6240601503759399","0.6360153256704981","0.2504708097928437","0.36488340192043894","0.6148148148148148","0.9595276713371276","0.6360153256704981","0.24242489233923456","0.0007397003733882801","0.2239057239057239","0.9851851851851852","29","0.1378292441368103","365798","0.7911547911547911","0.45132743362831856","0.4390243902439024","0.4695652173913043","0.48148148148148145","0.8529411764705882","0.3971631205673759","0.3838383838383838","0.8583017587661743","0.43478260869565216","27.149497747421265","0.3835616438356164","0.4117647058823529","29","39.86726760864258","24397","balanced","raphael-Precision-3591"
"mlp_interaction_2026_04_29_15_27_27","66081","grouille-1.nancy.grid5000.fr","finished","MLP","0.7701759301082339","0.7853453993447648","0.11202545421778012","0.13485146469751785","75","hui_train_vs_ssup_test","2026-04-29T13:27:28.000Z","ExponentialDecay","0.001","0.005","128","true","[""rosbag2_2025_07_10-10_29_13"",""rosbag2_2025_07_10-15_47_18"",""rosbag2_2025_07_07-10_24_20"",""rosbag2_2025_07_16-13_12_03"",""rosbag2_2025_07_16-14_07_49"",""rosbag2_2025_07_16-15_50_45"",""rosbag2_2025_07_23-11_01_56"",""rosbag2_2025_07_23-12_18_45"",""rosbag2_2025_07_23-13_17_40"",""rosbag2_2025_07_23-14_30_55"",""rosbag2_2025_07_29-10_23_14"",""rosbag2_2025_07_29-13_17_18"",""rosbag2_2025_07_29-14_09_46"",""rosbag2_2025_10_15-12_02_00"",""rosbag2_2025_10_15-13_11_27"",""rosbag2_2025_10_15-14_02_29"",""rosbag2_2025_10_15-14_30_03"",""rosbag2_2025_10_16-09_27_48"",""rosbag2_2025_10_16-12_47_57"",""rosbag2_2025_10_20-10_13_32"",""rosbag2_2025_10_20-11_51_02"",""rosbag2_2025_10_20-16_02_46"",""rosbag2_2025_07_11-10_28_07"",""rosbag2_2025_07_11-11_18_00"",""rosbag2_2025_07_18-10_37_07"",""rosbag2_2025_07_25-10_52_32"",""rosbag2_2025_07_25-14_14_16"",""rosbag2_2025_10_09-08_52_20"",""rosbag2_2025_07_11-13_27_26"",""rosbag2_2025_07_11-14_54_55"",""rosbag2_2025_07_17-11_28_34"",""rosbag2_2025_07_17-12_52_12"",""rosbag2_2025_07_24-10_41_01"",""rosbag2_2025_07_24-12_14_56"",""rosbag2_2025_07_24-13_33_54"",""rosbag2_2025_07_24-14_33_36"",""rosbag2_2025_07_07-10_49_31"",""rosbag2_2025_07_22-09_38_18"",""rosbag2_2025_07_22-10_59_25"",""rosbag2_2025_07_22-12_18_30"",""rosbag2_2025_07_22-13_30_39"",""rosbag2_2025_10_09-10_23_38"",""rosbag2_2025_10_15-09_37_49"",""rosbag2_2025_10_15-11_03_05""]","[""2023_07_06_albee_square_landfill_0"",""2023_07_06_albee_square_landfill_1"",""2023_07_06_albee_square_recycle_0"",""2023_07_06_albee_square_recycle_1"",""2023_07_07_albee_square_landfill_0"",""2023_07_07_albee_square_landfill_1"",""2023_07_07_albee_square_recycle_0"",""2023_07_07_albee_square_recycle_1"",""2023_07_11_albee_square_landfill_0"",""2023_07_11_albee_square_landfill_1"",""2023_07_11_albee_square_recycle_0"",""2023_07_11_albee_square_recycle_1"",""2023_07_12_albee_square_landfill_0"",""2023_07_12_albee_square_landfill_1"",""2023_07_12_albee_square_recycle_0"",""2023_07_12_albee_square_recycle_1"",""2023_07_14_albee_square_landfill"",""2023_07_14_albee_square_recycle""]","a3b359426e5e1be57bdcaffeeea3ac16d2a37f0a","248","https://github.com/hucebot/HUI360-Baselines/tree/a3b359426e5e1be57bdcaffeeea3ac16d2a37f0a","2026-04-29T13:31:36.000Z","rwjl6eop","-","2026-04-29T13:31:36.000Z","rerun","NoComment","cross_hui_ssup_mlp","mlp","-1","0.99","all","0.9802399435426958","0.9955443927494604","0.9991772339463136","0.9987664004836124","0.9997855349149158","0.9638009049773756","0.9411764705882352","0.988399071925754","0.9301310043668122","0.9377777777777778","0.9187817258883249","0.747474730014801","0.9699769053117784","0.07048402990524967","0.0004705866415856499","0.890295358649789","0.9906103286384976","74","0.02609931118786335","212541","0.9571282051282052","0.21890547263681592","0.2271062271062271","0.2376237623762376","0.21782178217821785","0.5878378378378378","0.1606425702811245","0.10945273631840796","0.05050504952669144","0.19375","2.4546962387529883","0.19801980198019803","0.13513513513513514","74","0.00002652948569448199","731239","balanced","raphael-Precision-3591"
"mb_from_pretrained_finetune_interaction_2026_05_06_12_09_43","51383310","abacus12-1.rennes.grid5000.fr","finished","MB_FROM_PRETRAINED_FINETUNE","0.6702196696379054","0.7283382123396933","0.07486211998833515","0.12211003403380324","7","hui_train_vs_ssup_test","2026-05-06T10:09:44.000Z","ExponentialDecay","0.0001","0.05","64","false","[""rosbag2_2025_07_10-10_29_13"",""rosbag2_2025_07_10-15_47_18"",""rosbag2_2025_07_07-10_24_20"",""rosbag2_2025_07_16-13_12_03"",""rosbag2_2025_07_16-14_07_49"",""rosbag2_2025_07_16-15_50_45"",""rosbag2_2025_07_23-11_01_56"",""rosbag2_2025_07_23-12_18_45"",""rosbag2_2025_07_23-13_17_40"",""rosbag2_2025_07_23-14_30_55"",""rosbag2_2025_07_29-10_23_14"",""rosbag2_2025_07_29-13_17_18"",""rosbag2_2025_07_29-14_09_46"",""rosbag2_2025_10_15-12_02_00"",""rosbag2_2025_10_15-13_11_27"",""rosbag2_2025_10_15-14_02_29"",""rosbag2_2025_10_15-14_30_03"",""rosbag2_2025_10_16-09_27_48"",""rosbag2_2025_10_16-12_47_57"",""rosbag2_2025_10_20-10_13_32"",""rosbag2_2025_10_20-11_51_02"",""rosbag2_2025_10_20-16_02_46"",""rosbag2_2025_07_11-10_28_07"",""rosbag2_2025_07_11-11_18_00"",""rosbag2_2025_07_18-10_37_07"",""rosbag2_2025_07_25-10_52_32"",""rosbag2_2025_07_25-14_14_16"",""rosbag2_2025_10_09-08_52_20"",""rosbag2_2025_07_11-13_27_26"",""rosbag2_2025_07_11-14_54_55"",""rosbag2_2025_07_17-11_28_34"",""rosbag2_2025_07_17-12_52_12"",""rosbag2_2025_07_24-10_41_01"",""rosbag2_2025_07_24-12_14_56"",""rosbag2_2025_07_24-13_33_54"",""rosbag2_2025_07_24-14_33_36"",""rosbag2_2025_07_07-10_49_31"",""rosbag2_2025_07_22-09_38_18"",""rosbag2_2025_07_22-10_59_25"",""rosbag2_2025_07_22-12_18_30"",""rosbag2_2025_07_22-13_30_39"",""rosbag2_2025_10_09-10_23_38"",""rosbag2_2025_10_15-09_37_49"",""rosbag2_2025_10_15-11_03_05""]","[""2023_07_06_albee_square_landfill_0"",""2023_07_06_albee_square_landfill_1"",""2023_07_06_albee_square_recycle_0"",""2023_07_06_albee_square_recycle_1"",""2023_07_07_albee_square_landfill_0"",""2023_07_07_albee_square_landfill_1"",""2023_07_07_albee_square_recycle_0"",""2023_07_07_albee_square_recycle_1"",""2023_07_11_albee_square_landfill_0"",""2023_07_11_albee_square_landfill_1"",""2023_07_11_albee_square_recycle_0"",""2023_07_11_albee_square_recycle_1"",""2023_07_12_albee_square_landfill_0"",""2023_07_12_albee_square_landfill_1"",""2023_07_12_albee_square_recycle_0"",""2023_07_12_albee_square_recycle_1"",""2023_07_14_albee_square_landfill"",""2023_07_14_albee_square_recycle""]","d12aef3b161633f959c8086efeca5476ce70fdd0","338","https://github.com/hucebot/HUI360-Baselines/tree/d12aef3b161633f959c8086efeca5476ce70fdd0","2026-05-06T10:15:22.000Z","66e6todb","-","2026-05-06T10:15:22.000Z","rerun","NoComment","cross_hui_ssup_mb_base_finetune","mb_from_pretrained_finetune","-1","0.99","none","0.9611856033874384","0.96512011434274","0.9888322181148907","0.9663619565461176","0.9930981236254738","0.8860759493670886","0.918918918918919","0.9253012048192772","0.82","0.8812095032397408","0.918918918918919","0.9293086528778076","0.9253012048192772","0.22754786827641985","0.00009320653479069902","0.816","0.9577464788732394","6","0.8037680387496948","9910","0.9087179487179488","0.17956656346749225","0.08372093023255814","0.21212121212121213","0.11646586345381528","0.3918918918918919","0.1523809523809524","0.08294930875576037","0.5355011820793152","0.15694164989939638","0.6057413294911385","0.10610079575596816","0.2702702702702703","6","1.3766859769821167","34114","balanced","raphael-Precision-3591"
"mb_from_pretrained_finetune_interaction_2026_05_06_10_04_26","51383310","abacus12-1.rennes.grid5000.fr","finished","MB_FROM_PRETRAINED_FINETUNE","0.8195818150268958","0.8761495748741974","0.5342519001532195","0.661760016007913","37","hui_train_vs_hui_test","2026-05-06T08:04:27.000Z","ExponentialDecay","0.0001","0.005","64","false","[""rosbag2_2025_07_10-10_29_13"",""rosbag2_2025_07_10-15_47_18"",""rosbag2_2025_07_07-10_24_20"",""rosbag2_2025_07_16-13_12_03"",""rosbag2_2025_07_16-14_07_49"",""rosbag2_2025_07_16-15_50_45"",""rosbag2_2025_07_23-11_01_56"",""rosbag2_2025_07_23-12_18_45"",""rosbag2_2025_07_23-13_17_40"",""rosbag2_2025_07_23-14_30_55"",""rosbag2_2025_07_29-10_23_14"",""rosbag2_2025_07_29-13_17_18"",""rosbag2_2025_07_29-14_09_46"",""rosbag2_2025_10_15-12_02_00"",""rosbag2_2025_10_15-13_11_27"",""rosbag2_2025_10_15-14_02_29"",""rosbag2_2025_10_15-14_30_03"",""rosbag2_2025_10_16-09_27_48"",""rosbag2_2025_10_16-12_47_57"",""rosbag2_2025_10_20-10_13_32"",""rosbag2_2025_10_20-11_51_02"",""rosbag2_2025_10_20-16_02_46"",""rosbag2_2025_07_11-10_28_07"",""rosbag2_2025_07_11-11_18_00"",""rosbag2_2025_07_18-10_37_07"",""rosbag2_2025_07_25-10_52_32"",""rosbag2_2025_07_25-14_14_16"",""rosbag2_2025_10_09-08_52_20"",""rosbag2_2025_07_11-13_27_26"",""rosbag2_2025_07_11-14_54_55"",""rosbag2_2025_07_17-11_28_34"",""rosbag2_2025_07_17-12_52_12"",""rosbag2_2025_07_24-10_41_01"",""rosbag2_2025_07_24-12_14_56"",""rosbag2_2025_07_24-13_33_54"",""rosbag2_2025_07_24-14_33_36"",""rosbag2_2025_07_07-10_49_31"",""rosbag2_2025_07_22-09_38_18"",""rosbag2_2025_07_22-10_59_25"",""rosbag2_2025_07_22-12_18_30"",""rosbag2_2025_07_22-13_30_39"",""rosbag2_2025_10_09-10_23_38"",""rosbag2_2025_10_15-09_37_49"",""rosbag2_2025_10_15-11_03_05""]","[""rosbag2_2025_07_07-11_16_10"",""rosbag2_2025_07_07-12_38_45"",""rosbag2_2025_07_07-15_33_32"",""rosbag2_2025_07_15-12_39_21"",""rosbag2_2025_07_15-13_41_01"",""rosbag2_2025_07_15-14_48_22"",""rosbag2_2025_07_21-10_22_11"",""rosbag2_2025_07_21-11_56_40"",""rosbag2_2025_07_21-13_09_22"",""rosbag2_2025_07_21-14_11_37"",""rosbag2_2025_07_21-15_15_07"",""rosbag2_2025_07_28-10_18_10"",""rosbag2_2025_07_28-11_25_33"",""rosbag2_2025_07_28-13_05_46"",""rosbag2_2025_07_28-14_19_07"",""rosbag2_2025_10_17-13_19_29"",""rosbag2_2025_10_17-14_28_15"",""rosbag2_2025_10_17-15_11_00"",""rosbag2_2025_10_17-16_47_09"",""rosbag2_2025_10_07-15_03_48"",""rosbag2_2025_10_07-16_21_39"",""rosbag2_2025_10_09-17_37_23"",""rosbag2_2025_10_09-18_50_21"",""rosbag2_2025_10_15-12_27_14"",""rosbag2_2025_10_16-11_29_56""]","d12aef3b161633f959c8086efeca5476ce70fdd0","941","https://github.com/hucebot/HUI360-Baselines/tree/d12aef3b161633f959c8086efeca5476ce70fdd0","2026-05-06T08:20:08.000Z","f4eegku5","-","2026-05-06T08:20:08.000Z","rerun","NoComment","in_hui_mb_base_finetune","mb_from_pretrained_finetune","-1","0.99","none","0.9915314043754412","0.99666892412031","0.999438491413598","1","1","1","1","1","1","0.9723502304147466","0.9716981132075472","0.7171780467033386","0.9789227166276346","0.040689759958616414","0.0000689449085869078","0.9547511312217196","0.9906103286384976","36","0.010704233311116695","52420","0.773955773955774","0.6527777777777778","0.5714285714285714","0.6666666666666666","0.66","0.9558823529411764","0.5208333333333334","0.5679012345679012","0.9899019002914428","0.5850340136054422","1.909685901233128","0.4032258064516129","0.7352941176470589","36","2.3139162063598633","15036","balanced","raphael-Precision-3591"
"mb_from_pretrained_finetune_interaction_2026_05_06_12_42_40","51383310","abacus12-1.rennes.grid5000.fr","finished","MB_FROM_PRETRAINED_FINETUNE","0.7556828040950894","0.7913413152871768","0.34269784932687786","0.4131921788635324","7","ssup_train_vs_hui_test","2026-05-06T10:42:41.000Z","ExponentialDecay","0.0001","0.05","64","false","[""2022_09_21_astor_place_landfill"",""2022_09_21_astor_place_recycle"",""2022_09_26_astor_place_landfill"",""2022_09_26_astor_place_recycle"",""2022_09_28_astor_place_landfill"",""2022_09_28_astor_place_recycle"",""2022_10_06_astor_place_landfill"",""2022_10_06_astor_place_recycle"",""2022_10_12_astor_place_landfill_0"",""2022_10_12_astor_place_landfill_1"",""2022_10_12_astor_place_recycle_0"",""2022_10_12_astor_place_recycle_1""]","[""rosbag2_2025_07_07-11_16_10"",""rosbag2_2025_07_07-12_38_45"",""rosbag2_2025_07_07-15_33_32"",""rosbag2_2025_07_15-12_39_21"",""rosbag2_2025_07_15-13_41_01"",""rosbag2_2025_07_15-14_48_22"",""rosbag2_2025_07_21-10_22_11"",""rosbag2_2025_07_21-11_56_40"",""rosbag2_2025_07_21-13_09_22"",""rosbag2_2025_07_21-14_11_37"",""rosbag2_2025_07_21-15_15_07"",""rosbag2_2025_07_28-10_18_10"",""rosbag2_2025_07_28-11_25_33"",""rosbag2_2025_07_28-13_05_46"",""rosbag2_2025_07_28-14_19_07"",""rosbag2_2025_10_17-13_19_29"",""rosbag2_2025_10_17-14_28_15"",""rosbag2_2025_10_17-15_11_00"",""rosbag2_2025_10_17-16_47_09"",""rosbag2_2025_10_07-15_03_48"",""rosbag2_2025_10_07-16_21_39"",""rosbag2_2025_10_09-17_37_23"",""rosbag2_2025_10_09-18_50_21"",""rosbag2_2025_10_15-12_27_14"",""rosbag2_2025_10_16-11_29_56""]","d12aef3b161633f959c8086efeca5476ce70fdd0","680","https://github.com/hucebot/HUI360-Baselines/tree/d12aef3b161633f959c8086efeca5476ce70fdd0","2026-05-06T10:54:01.000Z","llg6nqob","-","2026-05-06T10:54:01.000Z","rerun","NoComment","cross_ssup_hui_mb_base_finetune","mb_from_pretrained_finetune","-1","0.99","none","0.9012791079042308","0.48711690588842455","0.9686536108471376","0.48711690588842455","0.9686536108471376","0.2934272300469484","0.5134099616858238","0.51985559566787","0.17433751743375175","0.2934272300469484","0.5134099616858238","0.9387898445129396","0.51985559566787","0.443149385197709","0.00009320653479069902","0.17433751743375175","0.925925925925926","6","0.435291200876236","42668","0.6855036855036855","0.4423076923076923","0.32967032967032966","0.4551724137931034","0.39655172413793105","0.9117647058823528","0.42342342342342343","0.1956521739130435","0.7355974316596985","0.4385026737967914","6.832800626754761","0.3051948051948052","0.6911764705882353","6","7.106381893157959","2826","balanced","raphael-Precision-3591"
"mb_from_pretrained_finetune_interaction_2026_05_06_11_12_48","51383310","abacus12-1.rennes.grid5000.fr","finished","MB_FROM_PRETRAINED_FINETUNE","0.8632024768580725","0.9044648625778308","0.26860680839578477","0.26860680839578477","5","ssup_train_vs_ssup_test","2026-05-06T09:12:49.000Z","ExponentialDecay","0.0001","0.005","64","false","[""2022_09_21_astor_place_landfill"",""2022_09_21_astor_place_recycle"",""2022_09_26_astor_place_landfill"",""2022_09_26_astor_place_recycle"",""2022_09_28_astor_place_landfill"",""2022_09_28_astor_place_recycle"",""2022_10_06_astor_place_landfill"",""2022_10_06_astor_place_recycle"",""2022_10_12_astor_place_landfill_0"",""2022_10_12_astor_place_landfill_1"",""2022_10_12_astor_place_recycle_0"",""2022_10_12_astor_place_recycle_1""]","[""2023_07_06_albee_square_landfill_0"",""2023_07_06_albee_square_landfill_1"",""2023_07_06_albee_square_recycle_0"",""2023_07_06_albee_square_recycle_1"",""2023_07_07_albee_square_landfill_0"",""2023_07_07_albee_square_landfill_1"",""2023_07_07_albee_square_recycle_0"",""2023_07_07_albee_square_recycle_1"",""2023_07_11_albee_square_landfill_0"",""2023_07_11_albee_square_landfill_1"",""2023_07_11_albee_square_recycle_0"",""2023_07_11_albee_square_recycle_1"",""2023_07_12_albee_square_landfill_0"",""2023_07_12_albee_square_landfill_1"",""2023_07_12_albee_square_recycle_0"",""2023_07_12_albee_square_recycle_1"",""2023_07_14_albee_square_landfill"",""2023_07_14_albee_square_recycle""]","d12aef3b161633f959c8086efeca5476ce70fdd0","609","https://github.com/hucebot/HUI360-Baselines/tree/d12aef3b161633f959c8086efeca5476ce70fdd0","2026-05-06T09:22:58.000Z","n5sio3qz","-","2026-05-06T09:22:58.000Z","rerun","NoComment","in_ssup_mb_base_finetune","mb_from_pretrained_finetune","-1","0.99","none","0.8635618235487045","0.36116808518491744","0.9561381606325426","0.36116808518491744","0.9561381606325426","0.23669724770642203","0.3882783882783883","0.4123076923076923","0.13507853403141362","0.23669724770642203","0.3882783882783883","0.928787112236023","0.4123076923076923","0.5339113180525601","0.00009509900499","0.13507853403141362","0.9555555555555556","4","0.8925951719284058","30472","0.6627692307692308","0.18774243599689683","0.3161094224924012","0.33163265306122447","0.1060473269062226","0.9121621621621622","0.13564668769716087","0.315035799522673","0.9493800401687622","0.32075471698113206","1.136258808823375","0.07354618015963511","0.8716216216216216","4","1.3020318746566772","24364","balanced","raphael-Precision-3591"
"mb_from_pretrained_interaction_2026_05_06_10_20_18","8916993","abacus12-1.rennes.grid5000.fr","finished","MB_FROM_PRETRAINED","0.8214905431199028","0.8420961304875932","0.49203903062413334","0.5435793060436805","300","hui_train_vs_hui_test","2026-05-06T08:20:19.000Z","ExponentialDecay","0.0001","0.005","128","false","[""rosbag2_2025_07_10-10_29_13"",""rosbag2_2025_07_10-15_47_18"",""rosbag2_2025_07_07-10_24_20"",""rosbag2_2025_07_16-13_12_03"",""rosbag2_2025_07_16-14_07_49"",""rosbag2_2025_07_16-15_50_45"",""rosbag2_2025_07_23-11_01_56"",""rosbag2_2025_07_23-12_18_45"",""rosbag2_2025_07_23-13_17_40"",""rosbag2_2025_07_23-14_30_55"",""rosbag2_2025_07_29-10_23_14"",""rosbag2_2025_07_29-13_17_18"",""rosbag2_2025_07_29-14_09_46"",""rosbag2_2025_10_15-12_02_00"",""rosbag2_2025_10_15-13_11_27"",""rosbag2_2025_10_15-14_02_29"",""rosbag2_2025_10_15-14_30_03"",""rosbag2_2025_10_16-09_27_48"",""rosbag2_2025_10_16-12_47_57"",""rosbag2_2025_10_20-10_13_32"",""rosbag2_2025_10_20-11_51_02"",""rosbag2_2025_10_20-16_02_46"",""rosbag2_2025_07_11-10_28_07"",""rosbag2_2025_07_11-11_18_00"",""rosbag2_2025_07_18-10_37_07"",""rosbag2_2025_07_25-10_52_32"",""rosbag2_2025_07_25-14_14_16"",""rosbag2_2025_10_09-08_52_20"",""rosbag2_2025_07_11-13_27_26"",""rosbag2_2025_07_11-14_54_55"",""rosbag2_2025_07_17-11_28_34"",""rosbag2_2025_07_17-12_52_12"",""rosbag2_2025_07_24-10_41_01"",""rosbag2_2025_07_24-12_14_56"",""rosbag2_2025_07_24-13_33_54"",""rosbag2_2025_07_24-14_33_36"",""rosbag2_2025_07_07-10_49_31"",""rosbag2_2025_07_22-09_38_18"",""rosbag2_2025_07_22-10_59_25"",""rosbag2_2025_07_22-12_18_30"",""rosbag2_2025_07_22-13_30_39"",""rosbag2_2025_10_09-10_23_38"",""rosbag2_2025_10_15-09_37_49"",""rosbag2_2025_10_15-11_03_05""]","[""rosbag2_2025_07_07-11_16_10"",""rosbag2_2025_07_07-12_38_45"",""rosbag2_2025_07_07-15_33_32"",""rosbag2_2025_07_15-12_39_21"",""rosbag2_2025_07_15-13_41_01"",""rosbag2_2025_07_15-14_48_22"",""rosbag2_2025_07_21-10_22_11"",""rosbag2_2025_07_21-11_56_40"",""rosbag2_2025_07_21-13_09_22"",""rosbag2_2025_07_21-14_11_37"",""rosbag2_2025_07_21-15_15_07"",""rosbag2_2025_07_28-10_18_10"",""rosbag2_2025_07_28-11_25_33"",""rosbag2_2025_07_28-13_05_46"",""rosbag2_2025_07_28-14_19_07"",""rosbag2_2025_10_17-13_19_29"",""rosbag2_2025_10_17-14_28_15"",""rosbag2_2025_10_17-15_11_00"",""rosbag2_2025_10_17-16_47_09"",""rosbag2_2025_10_07-15_03_48"",""rosbag2_2025_10_07-16_21_39"",""rosbag2_2025_10_09-17_37_23"",""rosbag2_2025_10_09-18_50_21"",""rosbag2_2025_10_15-12_27_14"",""rosbag2_2025_10_16-11_29_56""]","d12aef3b161633f959c8086efeca5476ce70fdd0","3140","https://github.com/hucebot/HUI360-Baselines/tree/d12aef3b161633f959c8086efeca5476ce70fdd0","2026-05-06T09:12:39.000Z","7zsylrir","-","2026-05-06T09:12:39.000Z","rerun","NoComment","in_hui_mb_base_finetune","mb_from_pretrained","-1","0.99","none","0.9908256880733946","0.9975830301073642","0.999617862212032","0.999310034817522","0.9998791196793162","0.9838337182448036","0.9353233830845772","0.9976580796252928","0.968181818181818","0.9702517162471396","0.8940568475452196","0.6666647791862488","0.9883449883449884","0.08704170025885105","0.0000049040894071285715","0.9464285714285714","0.9953051643192488","299","0.2964724600315094","425091","0.8034398034398035","0.5548387096774193","0.48695652173913045","0.5584415584415584","0.4942528735632184","0.8382352941176471","0.5061728395061729","0.46296296296296297","0.6464594006538391","0.5306122448979592","1.5688199549913406","0.43617021276595747","0.6029411764705882","299","1.6823008060455322","122077","balanced","raphael-Precision-3591"
"mb_from_pretrained_interaction_2026_05_06_12_54_10","8916993","abacus12-1.rennes.grid5000.fr","finished","MB_FROM_PRETRAINED","0.6864480305396495","0.745531841055006","0.3586992602450916","0.40557262054527055","25","ssup_train_vs_hui_test","2026-05-06T10:54:11.000Z","ExponentialDecay","0.001","0.05","128","false","[""2022_09_21_astor_place_landfill"",""2022_09_21_astor_place_recycle"",""2022_09_26_astor_place_landfill"",""2022_09_26_astor_place_recycle"",""2022_09_28_astor_place_landfill"",""2022_09_28_astor_place_recycle"",""2022_10_06_astor_place_landfill"",""2022_10_06_astor_place_recycle"",""2022_10_12_astor_place_landfill_0"",""2022_10_12_astor_place_landfill_1"",""2022_10_12_astor_place_recycle_0"",""2022_10_12_astor_place_recycle_1""]","[""rosbag2_2025_07_07-11_16_10"",""rosbag2_2025_07_07-12_38_45"",""rosbag2_2025_07_07-15_33_32"",""rosbag2_2025_07_15-12_39_21"",""rosbag2_2025_07_15-13_41_01"",""rosbag2_2025_07_15-14_48_22"",""rosbag2_2025_07_21-10_22_11"",""rosbag2_2025_07_21-11_56_40"",""rosbag2_2025_07_21-13_09_22"",""rosbag2_2025_07_21-14_11_37"",""rosbag2_2025_07_21-15_15_07"",""rosbag2_2025_07_28-10_18_10"",""rosbag2_2025_07_28-11_25_33"",""rosbag2_2025_07_28-13_05_46"",""rosbag2_2025_07_28-14_19_07"",""rosbag2_2025_10_17-13_19_29"",""rosbag2_2025_10_17-14_28_15"",""rosbag2_2025_10_17-15_11_00"",""rosbag2_2025_10_17-16_47_09"",""rosbag2_2025_10_07-15_03_48"",""rosbag2_2025_10_07-16_21_39"",""rosbag2_2025_10_09-17_37_23"",""rosbag2_2025_10_09-18_50_21"",""rosbag2_2025_10_15-12_27_14"",""rosbag2_2025_10_16-11_29_56""]","d12aef3b161633f959c8086efeca5476ce70fdd0","845","https://github.com/hucebot/HUI360-Baselines/tree/d12aef3b161633f959c8086efeca5476ce70fdd0","2026-05-06T11:08:16.000Z","fkgy2mza","-","2026-05-06T11:08:16.000Z","rerun","NoComment","cross_ssup_hui_mb_base","mb_from_pretrained","-1","0.99","none","0.8693014102984585","0.2505713502772392","0.9492891348500944","0.2942951154651497","0.9530673722523464","0.2402287893231649","0.31386861313868614","0.37339055793991416","0.13785557986870897","0.2402287893231649","0.31386861313868614","0.7979762554168701","0.33579335793357934","0.553789846599102","0.0007778213593991466","0.13785557986870897","0.9333333333333332","24","0.3492923974990845","152368","0.7469287469287469","0.3905325443786982","0.32967032967032966","0.4122137404580153","0.35294117647058826","0.8529411764705882","0.37575757575757573","0.3111111111111111","0.4949311017990112","0.3734939759036144","11.918044745922089","0.31958762886597936","0.45588235294117646","24","18.60635757446289","10152","balanced","raphael-Precision-3591"
"mb_from_pretrained_interaction_2026_05_06_11_23_06","8916993","abacus12-1.rennes.grid5000.fr","finished","MB_FROM_PRETRAINED","0.8891217216793691","0.8985828964145021","0.22674669458395352","0.22901092669823925","50","ssup_train_vs_ssup_test","2026-05-06T09:23:07.000Z","ExponentialDecay","0.0001","0.005","128","false","[""2022_09_21_astor_place_landfill"",""2022_09_21_astor_place_recycle"",""2022_09_26_astor_place_landfill"",""2022_09_26_astor_place_recycle"",""2022_09_28_astor_place_landfill"",""2022_09_28_astor_place_recycle"",""2022_10_06_astor_place_landfill"",""2022_10_06_astor_place_recycle"",""2022_10_12_astor_place_landfill_0"",""2022_10_12_astor_place_landfill_1"",""2022_10_12_astor_place_recycle_0"",""2022_10_12_astor_place_recycle_1""]","[""2023_07_06_albee_square_landfill_0"",""2023_07_06_albee_square_landfill_1"",""2023_07_06_albee_square_recycle_0"",""2023_07_06_albee_square_recycle_1"",""2023_07_07_albee_square_landfill_0"",""2023_07_07_albee_square_landfill_1"",""2023_07_07_albee_square_recycle_0"",""2023_07_07_albee_square_recycle_1"",""2023_07_11_albee_square_landfill_0"",""2023_07_11_albee_square_landfill_1"",""2023_07_11_albee_square_recycle_0"",""2023_07_11_albee_square_recycle_1"",""2023_07_12_albee_square_landfill_0"",""2023_07_12_albee_square_landfill_1"",""2023_07_12_albee_square_recycle_0"",""2023_07_12_albee_square_recycle_1"",""2023_07_14_albee_square_landfill"",""2023_07_14_albee_square_recycle""]","d12aef3b161633f959c8086efeca5476ce70fdd0","2788","https://github.com/hucebot/HUI360-Baselines/tree/d12aef3b161633f959c8086efeca5476ce70fdd0","2026-05-06T10:09:35.000Z","ij288wx7","-","2026-05-06T10:09:35.000Z","rerun","NoComment","in_ssup_mb_base","mb_from_pretrained","-1","0.99","none","0.9155460806821908","0.46033770168414234","0.9801578872180916","0.512684725709746","0.982037378649822","0.3405889884763124","0.47104247104247104","0.5450236966824644","0.2058823529411765","0.3405889884763124","0.47104247104247104","0.8787866830825806","0.5179063360881543","0.3417007112875581","0.00006050060671375366","0.2058823529411765","0.9851851851851852","49","0.2537648677825928","304818","0.9021538461538462","0.26952526799387444","0.29770992366412213","0.3269230769230769","0.17425742574257425","0.8513513513513513","0.26952526799387444","0.256198347107438","0.8383840918540955","0.3181818181818182","1.4366299150845945","0.17425742574257425","0.5945945945945946","49","1.506005048751831","243739","balanced","raphael-Precision-3591"
"mb_from_pretrained_interaction_2026_05_06_12_15_31","8916993","abacus12-1.rennes.grid5000.fr","finished","MB_FROM_PRETRAINED","0.6154337646298721","0.816735658865974","0.06110811686165382","0.15060263357106432","50","hui_train_vs_ssup_test","2026-05-06T10:15:32.000Z","ExponentialDecay","0.001","0.05","128","false","[""rosbag2_2025_07_10-10_29_13"",""rosbag2_2025_07_10-15_47_18"",""rosbag2_2025_07_07-10_24_20"",""rosbag2_2025_07_16-13_12_03"",""rosbag2_2025_07_16-14_07_49"",""rosbag2_2025_07_16-15_50_45"",""rosbag2_2025_07_23-11_01_56"",""rosbag2_2025_07_23-12_18_45"",""rosbag2_2025_07_23-13_17_40"",""rosbag2_2025_07_23-14_30_55"",""rosbag2_2025_07_29-10_23_14"",""rosbag2_2025_07_29-13_17_18"",""rosbag2_2025_07_29-14_09_46"",""rosbag2_2025_10_15-12_02_00"",""rosbag2_2025_10_15-13_11_27"",""rosbag2_2025_10_15-14_02_29"",""rosbag2_2025_10_15-14_30_03"",""rosbag2_2025_10_16-09_27_48"",""rosbag2_2025_10_16-12_47_57"",""rosbag2_2025_10_20-10_13_32"",""rosbag2_2025_10_20-11_51_02"",""rosbag2_2025_10_20-16_02_46"",""rosbag2_2025_07_11-10_28_07"",""rosbag2_2025_07_11-11_18_00"",""rosbag2_2025_07_18-10_37_07"",""rosbag2_2025_07_25-10_52_32"",""rosbag2_2025_07_25-14_14_16"",""rosbag2_2025_10_09-08_52_20"",""rosbag2_2025_07_11-13_27_26"",""rosbag2_2025_07_11-14_54_55"",""rosbag2_2025_07_17-11_28_34"",""rosbag2_2025_07_17-12_52_12"",""rosbag2_2025_07_24-10_41_01"",""rosbag2_2025_07_24-12_14_56"",""rosbag2_2025_07_24-13_33_54"",""rosbag2_2025_07_24-14_33_36"",""rosbag2_2025_07_07-10_49_31"",""rosbag2_2025_07_22-09_38_18"",""rosbag2_2025_07_22-10_59_25"",""rosbag2_2025_07_22-12_18_30"",""rosbag2_2025_07_22-13_30_39"",""rosbag2_2025_10_09-10_23_38"",""rosbag2_2025_10_15-09_37_49"",""rosbag2_2025_10_15-11_03_05""]","[""2023_07_06_albee_square_landfill_0"",""2023_07_06_albee_square_landfill_1"",""2023_07_06_albee_square_recycle_0"",""2023_07_06_albee_square_recycle_1"",""2023_07_07_albee_square_landfill_0"",""2023_07_07_albee_square_landfill_1"",""2023_07_07_albee_square_recycle_0"",""2023_07_07_albee_square_recycle_1"",""2023_07_11_albee_square_landfill_0"",""2023_07_11_albee_square_landfill_1"",""2023_07_11_albee_square_recycle_0"",""2023_07_11_albee_square_recycle_1"",""2023_07_12_albee_square_landfill_0"",""2023_07_12_albee_square_landfill_1"",""2023_07_12_albee_square_recycle_0"",""2023_07_12_albee_square_recycle_1"",""2023_07_14_albee_square_landfill"",""2023_07_14_albee_square_recycle""]","d12aef3b161633f959c8086efeca5476ce70fdd0","1621","https://github.com/hucebot/HUI360-Baselines/tree/d12aef3b161633f959c8086efeca5476ce70fdd0","2026-05-06T10:42:33.000Z","sa1b3yy3","-","2026-05-06T10:42:33.000Z","rerun","NoComment","cross_hui_ssup_mb_base","mb_from_pretrained","-1","0.99","none","0.9251940719830628","0.9064209759493363","0.9815560026827632","0.9331889620740884","0.9896666822641274","0.8690228690228691","0.7601078167115903","0.8913043478260869","0.7798507462686567","0.7896825396825397","0.7072463768115942","0.7171666622161865","0.8421052631578947","0.299787487834692","0.0006050060671375363","0.6838487972508591","0.9342723004694836","49","0.26791805028915405","70841","0.8746666666666667","0.19743589743589743","0.15384615384615383","0.24651162790697675","0.1456953642384106","0.5878378378378378","0.1054172767203514","0.12142857142857144","0.959485113620758","0.12878787878787878","1.0674239355020034","0.06728971962616823","0.24324324324324328","49","0.5511823892593384","243739","balanced","raphael-Precision-3591"
"lstm_interaction_2026_04_29_10_36_34","376065","abacus22-3.rennes.grid5000.fr","finished","LSTM","0.8614436925212563","0.875281971195558","0.4862033219428294","0.5784209968002518","75","hui_train_vs_hui_test","2026-04-29T08:36:36.000Z","ExponentialDecay","0.001","0.005","128","true","[""rosbag2_2025_07_10-10_29_13"",""rosbag2_2025_07_10-15_47_18"",""rosbag2_2025_07_07-10_24_20"",""rosbag2_2025_07_16-13_12_03"",""rosbag2_2025_07_16-14_07_49"",""rosbag2_2025_07_16-15_50_45"",""rosbag2_2025_07_23-11_01_56"",""rosbag2_2025_07_23-12_18_45"",""rosbag2_2025_07_23-13_17_40"",""rosbag2_2025_07_23-14_30_55"",""rosbag2_2025_07_29-10_23_14"",""rosbag2_2025_07_29-13_17_18"",""rosbag2_2025_07_29-14_09_46"",""rosbag2_2025_10_15-12_02_00"",""rosbag2_2025_10_15-13_11_27"",""rosbag2_2025_10_15-14_02_29"",""rosbag2_2025_10_15-14_30_03"",""rosbag2_2025_10_16-09_27_48"",""rosbag2_2025_10_16-12_47_57"",""rosbag2_2025_10_20-10_13_32"",""rosbag2_2025_10_20-11_51_02"",""rosbag2_2025_10_20-16_02_46"",""rosbag2_2025_07_11-10_28_07"",""rosbag2_2025_07_11-11_18_00"",""rosbag2_2025_07_18-10_37_07"",""rosbag2_2025_07_25-10_52_32"",""rosbag2_2025_07_25-14_14_16"",""rosbag2_2025_10_09-08_52_20"",""rosbag2_2025_07_11-13_27_26"",""rosbag2_2025_07_11-14_54_55"",""rosbag2_2025_07_17-11_28_34"",""rosbag2_2025_07_17-12_52_12"",""rosbag2_2025_07_24-10_41_01"",""rosbag2_2025_07_24-12_14_56"",""rosbag2_2025_07_24-13_33_54"",""rosbag2_2025_07_24-14_33_36"",""rosbag2_2025_07_07-10_49_31"",""rosbag2_2025_07_22-09_38_18"",""rosbag2_2025_07_22-10_59_25"",""rosbag2_2025_07_22-12_18_30"",""rosbag2_2025_07_22-13_30_39"",""rosbag2_2025_10_09-10_23_38"",""rosbag2_2025_10_15-09_37_49"",""rosbag2_2025_10_15-11_03_05""]","[""rosbag2_2025_07_07-11_16_10"",""rosbag2_2025_07_07-12_38_45"",""rosbag2_2025_07_07-15_33_32"",""rosbag2_2025_07_15-12_39_21"",""rosbag2_2025_07_15-13_41_01"",""rosbag2_2025_07_15-14_48_22"",""rosbag2_2025_07_21-10_22_11"",""rosbag2_2025_07_21-11_56_40"",""rosbag2_2025_07_21-13_09_22"",""rosbag2_2025_07_21-14_11_37"",""rosbag2_2025_07_21-15_15_07"",""rosbag2_2025_07_28-10_18_10"",""rosbag2_2025_07_28-11_25_33"",""rosbag2_2025_07_28-13_05_46"",""rosbag2_2025_07_28-14_19_07"",""rosbag2_2025_10_17-13_19_29"",""rosbag2_2025_10_17-14_28_15"",""rosbag2_2025_10_17-15_11_00"",""rosbag2_2025_10_17-16_47_09"",""rosbag2_2025_10_07-15_03_48"",""rosbag2_2025_10_07-16_21_39"",""rosbag2_2025_10_09-17_37_23"",""rosbag2_2025_10_09-18_50_21"",""rosbag2_2025_10_15-12_27_14"",""rosbag2_2025_10_16-11_29_56""]","ab844d45ffffc00da3e80d714603270de8978822","178","https://github.com/hucebot/HUI360-Baselines/tree/ab844d45ffffc00da3e80d714603270de8978822","2026-04-29T08:39:34.000Z","33cj1cnj","-","2026-04-29T08:39:34.000Z","rerun","NoComment","in_hui_lstm","lstm","-1","0.99","all","0.9752999294283698","0.9628905820227278","0.9949659195482976","0.9923540325037284","0.99911484410338","0.9861111111111112","0.9859154929577464","0.9906976744186048","0.9726027397260274","0.9240780911062908","0.8811881188118812","0.7747498154640198","0.9419642857142856","0.11701180475453536","0.0004705866415856499","0.8588709677419355","1","74","0.37130632996559143","106266","0.8329238329238329","0.5913978494623656","0.5109489051094891","0.631578947368421","0.5625","0.9117647058823528","0.5277777777777778","0.4705882352941176","0.010070713236927986","0.5853658536585366","3.4847289323806763","0.5","0.5588235294117647","74","3.5816714763641357","30502","balanced","raphael-Precision-3591"
"lstm_interaction_2026_04_29_14_31_12","376065","grouille-1.nancy.grid5000.fr","finished","LSTM","0.7970674995661982","0.7970674995661982","0.40166473844186534","0.4625600297439359","30","ssup_train_vs_hui_test","2026-04-29T12:31:13.000Z","ExponentialDecay","0.001","0.005","128","true","[""2022_09_21_astor_place_landfill"",""2022_09_21_astor_place_recycle"",""2022_09_26_astor_place_landfill"",""2022_09_26_astor_place_recycle"",""2022_09_28_astor_place_landfill"",""2022_09_28_astor_place_recycle"",""2022_10_06_astor_place_landfill"",""2022_10_06_astor_place_recycle"",""2022_10_12_astor_place_landfill_0"",""2022_10_12_astor_place_landfill_1"",""2022_10_12_astor_place_recycle_0"",""2022_10_12_astor_place_recycle_1""]","[""rosbag2_2025_07_07-11_16_10"",""rosbag2_2025_07_07-12_38_45"",""rosbag2_2025_07_07-15_33_32"",""rosbag2_2025_07_15-12_39_21"",""rosbag2_2025_07_15-13_41_01"",""rosbag2_2025_07_15-14_48_22"",""rosbag2_2025_07_21-10_22_11"",""rosbag2_2025_07_21-11_56_40"",""rosbag2_2025_07_21-13_09_22"",""rosbag2_2025_07_21-14_11_37"",""rosbag2_2025_07_21-15_15_07"",""rosbag2_2025_07_28-10_18_10"",""rosbag2_2025_07_28-11_25_33"",""rosbag2_2025_07_28-13_05_46"",""rosbag2_2025_07_28-14_19_07"",""rosbag2_2025_10_17-13_19_29"",""rosbag2_2025_10_17-14_28_15"",""rosbag2_2025_10_17-15_11_00"",""rosbag2_2025_10_17-16_47_09"",""rosbag2_2025_10_07-15_03_48"",""rosbag2_2025_10_07-16_21_39"",""rosbag2_2025_10_09-17_37_23"",""rosbag2_2025_10_09-18_50_21"",""rosbag2_2025_10_15-12_27_14"",""rosbag2_2025_10_16-11_29_56""]","a3b359426e5e1be57bdcaffeeea3ac16d2a37f0a","102","https://github.com/hucebot/HUI360-Baselines/tree/a3b359426e5e1be57bdcaffeeea3ac16d2a37f0a","2026-04-29T12:32:55.000Z","nwv3pdyj","-","2026-04-29T12:32:55.000Z","rerun","NoComment","cross_ssup_hui_lstm","lstm","-1","0.99","all","0.9168579862249918","0.5382226643939032","0.9765243694138546","0.5382226643939032","0.9781827442065576","0.33725490196078434","0.4758842443729904","0.5066666666666667","0.20476190476190476","0.33725490196078434","0.4758842443729904","0.9355278611183168","0.5014749262536873","0.3612667204191287","0.0007397003733882801","0.20476190476190476","0.9555555555555556","29","0.35309749841690063","182858","0.7248157248157249","0.48","0.41904761904761906","0.4827586206896552","0.3925233644859813","0.7352941176470589","0.4716981132075472","0.3709677419354839","0.23994524776935575","0.47540983606557374","7.1486391723155975","0.3472222222222222","0.7352941176470589","29","5.9294753074646","12187","balanced","raphael-Precision-3591"
"lstm_interaction_2026_04_29_15_23_13","376065","grouille-1.nancy.grid5000.fr","finished","LSTM","0.7569540134591966","0.7971800867929493","0.10564973759066486","0.13389045734702443","75","hui_train_vs_ssup_test","2026-04-29T13:23:14.000Z","ExponentialDecay","0.001","0.005","128","true","[""rosbag2_2025_07_10-10_29_13"",""rosbag2_2025_07_10-15_47_18"",""rosbag2_2025_07_07-10_24_20"",""rosbag2_2025_07_16-13_12_03"",""rosbag2_2025_07_16-14_07_49"",""rosbag2_2025_07_16-15_50_45"",""rosbag2_2025_07_23-11_01_56"",""rosbag2_2025_07_23-12_18_45"",""rosbag2_2025_07_23-13_17_40"",""rosbag2_2025_07_23-14_30_55"",""rosbag2_2025_07_29-10_23_14"",""rosbag2_2025_07_29-13_17_18"",""rosbag2_2025_07_29-14_09_46"",""rosbag2_2025_10_15-12_02_00"",""rosbag2_2025_10_15-13_11_27"",""rosbag2_2025_10_15-14_02_29"",""rosbag2_2025_10_15-14_30_03"",""rosbag2_2025_10_16-09_27_48"",""rosbag2_2025_10_16-12_47_57"",""rosbag2_2025_10_20-10_13_32"",""rosbag2_2025_10_20-11_51_02"",""rosbag2_2025_10_20-16_02_46"",""rosbag2_2025_07_11-10_28_07"",""rosbag2_2025_07_11-11_18_00"",""rosbag2_2025_07_18-10_37_07"",""rosbag2_2025_07_25-10_52_32"",""rosbag2_2025_07_25-14_14_16"",""rosbag2_2025_10_09-08_52_20"",""rosbag2_2025_07_11-13_27_26"",""rosbag2_2025_07_11-14_54_55"",""rosbag2_2025_07_17-11_28_34"",""rosbag2_2025_07_17-12_52_12"",""rosbag2_2025_07_24-10_41_01"",""rosbag2_2025_07_24-12_14_56"",""rosbag2_2025_07_24-13_33_54"",""rosbag2_2025_07_24-14_33_36"",""rosbag2_2025_07_07-10_49_31"",""rosbag2_2025_07_22-09_38_18"",""rosbag2_2025_07_22-10_59_25"",""rosbag2_2025_07_22-12_18_30"",""rosbag2_2025_07_22-13_30_39"",""rosbag2_2025_10_09-10_23_38"",""rosbag2_2025_10_15-09_37_49"",""rosbag2_2025_10_15-11_03_05""]","[""2023_07_06_albee_square_landfill_0"",""2023_07_06_albee_square_landfill_1"",""2023_07_06_albee_square_recycle_0"",""2023_07_06_albee_square_recycle_1"",""2023_07_07_albee_square_landfill_0"",""2023_07_07_albee_square_landfill_1"",""2023_07_07_albee_square_recycle_0"",""2023_07_07_albee_square_recycle_1"",""2023_07_11_albee_square_landfill_0"",""2023_07_11_albee_square_landfill_1"",""2023_07_11_albee_square_recycle_0"",""2023_07_11_albee_square_recycle_1"",""2023_07_12_albee_square_landfill_0"",""2023_07_12_albee_square_landfill_1"",""2023_07_12_albee_square_recycle_0"",""2023_07_12_albee_square_recycle_1"",""2023_07_14_albee_square_landfill"",""2023_07_14_albee_square_recycle""]","a3b359426e5e1be57bdcaffeeea3ac16d2a37f0a","252","https://github.com/hucebot/HUI360-Baselines/tree/a3b359426e5e1be57bdcaffeeea3ac16d2a37f0a","2026-04-29T13:27:26.000Z","sbsd2ay3","-","2026-04-29T13:27:26.000Z","rerun","NoComment","cross_hui_ssup_lstm","lstm","-1","0.99","all","0.9774170783345096","0.9745306559080336","0.9960616411648184","0.9881036521251584","0.9983895621792772","0.976958525345622","0.9669811320754716","0.9793103448275862","0.9592760180995475","0.9295154185022028","0.8804071246819338","0.7361326217651367","0.9473684210526316","0.10628745549668868","0.0004705866415856499","0.8755186721991701","0.9906103286384976","74","0.009667608886957169","106266","0.8648205128205129","0.21686746987951808","0.21568627450980393","0.22413793103448276","0.1868131868131868","0.4797297297297297","0.12945838837516513","0.17391304347826086","0.9786853194236756","0.19186046511627908","1.5046777730831542","0.08045977011494253","0.3310810810810811","74","0.0032556275837123394","365614","balanced","raphael-Precision-3591"
"lstm_interaction_2026_04_29_11_52_51","376065","abacus22-3.rennes.grid5000.fr","finished","LSTM","0.8968776265158749","0.9076767162762508","0.22957947426988876","0.2676004455551228","30","ssup_train_vs_ssup_test","2026-04-29T09:52:52.000Z","ExponentialDecay","0.001","0.005","128","true","[""2022_09_21_astor_place_landfill"",""2022_09_21_astor_place_recycle"",""2022_09_26_astor_place_landfill"",""2022_09_26_astor_place_recycle"",""2022_09_28_astor_place_landfill"",""2022_09_28_astor_place_recycle"",""2022_10_06_astor_place_landfill"",""2022_10_06_astor_place_recycle"",""2022_10_12_astor_place_landfill_0"",""2022_10_12_astor_place_landfill_1"",""2022_10_12_astor_place_recycle_0"",""2022_10_12_astor_place_recycle_1""]","[""2023_07_06_albee_square_landfill_0"",""2023_07_06_albee_square_landfill_1"",""2023_07_06_albee_square_recycle_0"",""2023_07_06_albee_square_recycle_1"",""2023_07_07_albee_square_landfill_0"",""2023_07_07_albee_square_landfill_1"",""2023_07_07_albee_square_recycle_0"",""2023_07_07_albee_square_recycle_1"",""2023_07_11_albee_square_landfill_0"",""2023_07_11_albee_square_landfill_1"",""2023_07_11_albee_square_recycle_0"",""2023_07_11_albee_square_recycle_1"",""2023_07_12_albee_square_landfill_0"",""2023_07_12_albee_square_landfill_1"",""2023_07_12_albee_square_recycle_0"",""2023_07_12_albee_square_recycle_1"",""2023_07_14_albee_square_landfill"",""2023_07_14_albee_square_recycle""]","a3b359426e5e1be57bdcaffeeea3ac16d2a37f0a","127","https://github.com/hucebot/HUI360-Baselines/tree/a3b359426e5e1be57bdcaffeeea3ac16d2a37f0a","2026-04-29T09:54:59.000Z","tgrt9hki","-","2026-04-29T09:54:59.000Z","rerun","NoComment","in_ssup_lstm","lstm","-1","0.99","all","0.908658576582486","0.5509808336245042","0.9808013614822269","0.5509808336245042","0.9808013614822269","0.32484848484848483","0.5440613026819924","0.5480225988700564","0.19420289855072465","0.32484848484848483","0.5259515570934256","0.9242653250694276","0.5433526011560693","0.28697216386596364","0.0007397003733882801","0.19420289855072465","0.9925925925925926","29","0.19174551963806152","182858","0.9105641025641026","0.2875816993464052","0.3282674772036474","0.34017595307917886","0.1896551724137931","0.9594594594594594","0.2875816993464052","0.2846441947565543","0.9053728580474854","0.3112391930835735","3.1501465348096995","0.1896551724137931","0.5945945945945946","29","0.1609625369310379","146239","balanced","raphael-Precision-3591"